Row ID,Order ID,Order Date,Ship Date,Ship Mode,Customer ID,Customer Name,Segment,Country,City,State,Postal Code,Region,Product ID,Category,Sub-Category,Product Name,Sales,Quantity,Discount,Profit,Order Channel
900001,,4/17/2014,4/21/2014,Standard Class,JE-15745,Joel Eaton,Consumer,United States,San Jose,California,95123,West,FUR-BO-10001337,Furniture,Bookcases,O'Sullivan Living Dimensions 2-Shelf Bookcases,102.833,1,0.15,-6.049,Online
900002,,11/3/2014,11/6/2014,Second Class,TB-21175,Thomas Boland,Corporate,United States,Henderson,Kentucky,42420,South,OFF-EN-10004846,Office Supplies,Envelopes,Letter or Legal Size Expandable Poly String Tie Envelopes,5.32,2,0.0,2.6068,Online
900003,,5/20/2014,5/24/2014,Standard Class,ND-18460,Neil Ducich,Corporate,United States,Huntsville,Alabama,35810,South,OFF-BI-10001787,Office Supplies,Binders,Wilson Jones Four-Pocket Poly Binders,26.16,4,0.0,12.8184,Online
900004,,8/2/2014,8/8/2014,Standard Class,AS-10045,Aaron Smayling,Corporate,United States,Austin,Texas,78745,Central,TEC-MA-10000488,Technology,Machines,Bady BDG101FRU Card Printer,1439.982,3,0.4,-263.9967,Online
900005,,7/22/2014,7/22/2014,Same Day,SF-20200,Sarah Foster,Consumer,United States,Murray,Utah,84107,West,OFF-AR-10001044,Office Supplies,Art,"BOSTON Ranger #55 Pencil Sharpener, Black",25.99,1,0.0,7.5371,Store
900006,,9/1/2014,9/6/2014,Standard Class,AJ-10945,Ashley Jarboe,Consumer,United States,Lawrence,Indiana,46226,Central,OFF-AP-10002439,Office Supplies,Appliances,Tripp Lite Isotel 8 Ultra 8 Outlet Metal Surge,638.73,9,0.0,166.0698,Online
900007,,4/4/2014,4/8/2014,Standard Class,KH-16360,Katherine Hughes,Consumer,United States,Philadelphia,Pennsylvania,19143,East,FUR-FU-10001940,Furniture,Furnishings,Staples,25.472,4,0.2,7.6416,Telesales
900008,,8/8/2014,8/12/2014,Standard Class,CC-12475,Cindy Chapman,Consumer,United States,Moorhead,Minnesota,56560,Central,TEC-AC-10002006,Technology,Accessories,Memorex Micro Travel Drive 16 GB,63.96,4,0.0,19.8276,Store
900009,,12/19/2014,12/24/2014,Standard Class,BP-11290,Beth Paige,Consumer,United States,Columbus,Ohio,43229,East,OFF-BI-10004209,Office Supplies,Binders,"Fellowes Twister Kit, Gray/Clear, 3/pkg",7.236,3,0.7,-6.03,Online
900010,,3/5/2014,3/10/2014,Standard Class,DP-13000,Darren Powers,Consumer,United States,Houston,Texas,77041,Central,OFF-PA-10000806,Office Supplies,Paper,Xerox 1934,89.568,2,0.2,32.4684,Store
900011,,12/3/2014,12/4/2014,Same Day,AM-10360,Alice McCarthy,Corporate,United States,Los Angeles,California,90032,West,OFF-AR-10001868,Office Supplies,Art,Prang Dustless Chalk Sticks,10.08,6,0.0,5.04,Online
900012,,11/27/2014,12/1/2014,Standard Class,CC-12610,Corey Catlett,Corporate,United States,Columbus,Ohio,43229,East,OFF-AP-10004708,Office Supplies,Appliances,Fellowes Superior 10 Outlet Split Surge Protector,213.136,7,0.2,23.9778,Online
900013,,9/3/2014,9/5/2014,Second Class,MH-17290,Marc Harrigan,Home Office,United States,Los Angeles,California,90008,West,OFF-AP-10001492,Office Supplies,Appliances,"Acco Six-Outlet Power Strip, 4' Cord Length",43.1,5,0.0,11.206,Telesales
900014,,5/15/2014,5/16/2014,First Class,GT-14710,Greg Tran,Consumer,United States,Houston,Texas,77041,Central,OFF-AR-10001446,Office Supplies,Art,Newell 309,46.2,5,0.2,5.775,Store
900015,,10/10/2014,10/12/2014,Second Class,MB-17305,Maria Bertelson,Consumer,United States,League City,Texas,77573,Central,OFF-AR-10004344,Office Supplies,Art,Bulldog Vacuum Base Pencil Sharpener,67.144,7,0.2,5.8751,Store
900016,,4/26/2014,4/27/2014,First Class,PN-18775,Parhena Norris,Home Office,United States,Nashville,Tennessee,37211,South,OFF-AR-10004078,Office Supplies,Art,Newell 312,42.048,9,0.2,5.256,Online
900017,,7/4/2014,7/10/2014,Standard Class,FM-14290,Frank Merwin,Home Office,United States,Quincy,Massachusetts,2169,East,OFF-PA-10001970,Office Supplies,Paper,Xerox 1881,24.56,2,0.0,11.5432,Telesales
900018,,12/17/2014,12/22/2014,Second Class,AY-10555,Andy Yotov,Corporate,United States,Oceanside,California,92054,West,FUR-CH-10003817,Furniture,Chairs,"Global Value Steno Chair, Gray",97.184,2,0.2,6.074,Telesales
900019,,10/23/2014,10/25/2014,First Class,TA-21385,Tom Ashbrook,Home Office,United States,New York City,New York,10024,East,OFF-EN-10002500,Office Supplies,Envelopes,Globe Weis Peel & Seel First Class Envelopes,63.9,5,0.0,28.755,Store
900020,,10/22/2014,10/22/2014,Same Day,SL-20155,Sara Luxemburg,Home Office,United States,Muskogee,Oklahoma,74403,Central,TEC-PH-10000895,Technology,Phones,Polycom VVX 310 VoIP phone,1439.92,8,0.0,374.3792,Store
900021,,12/12/2014,12/18/2014,Standard Class,RB-19435,Richard Bierner,Consumer,United States,Plainfield,New Jersey,7060,East,OFF-AP-10003622,Office Supplies,Appliances,"Bravo II Megaboss 12-Amp Hard Body Upright, Replacement Belts, 2 Belts per Pack",22.75,7,0.0,6.5975,Telesales
900022,,3/19/2014,3/24/2014,Standard Class,CD-11980,Carol Darley,Consumer,United States,Tyler,Texas,75701,Central,FUR-FU-10003553,Furniture,Furnishings,"Howard Miller 13-1/2"" Diameter Rosebrook Wall Clock",82.524,3,0.6,-41.262,Store
900023,,5/10/2014,5/11/2014,First Class,MC-17605,Matt Connell,Corporate,United States,Jacksonville,North Carolina,28540,South,FUR-CH-10001270,Furniture,Chairs,Harbour Creations Steel Folding Chair,207.0,3,0.2,25.875,Telesales
900024,,11/25/2014,12/2/2014,Standard Class,MY-17380,Maribeth Yedwab,Corporate,United States,Memphis,Tennessee,38109,South,OFF-BI-10000216,Office Supplies,Binders,"Mead 1st Gear 2"" Zipper Binder, Asst. Colors",11.673,3,0.7,-7.782,Store
900025,,11/12/2014,11/17/2014,Standard Class,GA-14725,Guy Armstrong,Consumer,United States,Los Angeles,California,90036,West,OFF-BI-10000977,Office Supplies,Binders,Ibico Plastic Spiral Binding Combs,121.6,5,0.2,39.52,Telesales
900026,,12/12/2014,12/12/2014,Same Day,RR-19315,Ralph Ritter,Consumer,United States,Aurora,Illinois,60505,Central,FUR-FU-10004306,Furniture,Furnishings,Electrix Halogen Magnifier Lamp,77.72,1,0.6,-66.062,Store
900027,,7/3/2014,7/6/2014,First Class,AH-10120,Adrian Hane,Home Office,United States,Houston,Texas,77036,Central,OFF-PA-10000357,Office Supplies,Paper,"White Dual Perf Computer Printout Paper, 2700 Sheets, 1 Part, Heavyweight, 20 lbs., 14 7/8 x 11",163.96,5,0.2,59.4355,Online
900028,,9/6/2012,9/12/2012,Standard Class,BS-11590,Brendan Sweed,Corporate,United States,New York City,New York,10011,East,TEC-PH-10002922,Technology,Phones,ShoreTel ShorePhone IP 230 VoIP phone,354.879,2,0.0,106.4637,Online
900029,,9/1/2014,9/3/2014,Second Class,BW-11110,Bart Watters,Corporate,United States,Spokane,Washington,99207,West,OFF-ST-10002370,Office Supplies,Storage,"Sortfiler Multipurpose Personal File Organizer, Black",149.73,7,0.0,43.4217,Store
900030,,9/29/2014,10/2/2014,First Class,DS-13030,Darrin Sayre,Home Office,United States,Aurora,Colorado,80013,West,FUR-FU-10001979,Furniture,Furnishings,Dana Halogen Swing-Arm Architect Lamp,32.776,1,0.2,3.2776,Online
900031,CA-2015-600030,1/2/2014,1/6/2014,Standard Class,,Janet Martin,Consumer,United States,Huntsville,Texas,77340,Central,FUR-FU-10002116,Furniture,Furnishings,"Tenex Carpeted, Granite-Look or Clear Contemporary Contour Shape Chair Mats",141.42,5,0.6,-187.3815,Online
900032,CA-2015-600031,11/3/2014,11/5/2014,Second Class,,Nancy Lomonaco,Home Office,United States,Danville,California,94526,West,OFF-AR-10003469,Office Supplies,Art,Nontoxic Chalk,8.8,5,0.0,4.224,Telesales
900033,CA-2015-600032,7/27/2014,8/2/2014,Standard Class,,George Zrebassa,Corporate,United States,Los Angeles,California,90036,West,FUR-CH-10000665,Furniture,Chairs,"Global Airflow Leather Mesh Back Chair, Black",362.352,3,0.2,45.294,Telesales
900034,CA-2015-600033,12/9/2014,12/11/2014,Second Class,,Carl Weiss,Home Office,United States,Cranston,Rhode Island,2920,East,OFF-ST-10000036,Office Supplies,Storage,"Recycled Data-Pak for Archival Bound Computer Printouts, 12-1/2 x 12-1/2 x 16",592.74,6,0.0,160.0398,Online
900035,CA-2015-600034,1/30/2014,2/3/2014,Standard Class,,Vivek Gonzalez,Consumer,United States,San Francisco,California,94109,West,OFF-SU-10001664,Office Supplies,Supplies,Acme Office Executive Series Stainless Steel Trimmers,8.57,1,0.0,2.2282,Online
900036,CA-2015-600035,8/14/2014,8/21/2014,Standard Class,,Keith Dawkins,Corporate,United States,Philadelphia,Pennsylvania,19120,East,OFF-LA-10004093,Office Supplies,Labels,Avery 486,17.544,3,0.2,5.9211,Online
900037,CA-2015-600036,3/14/2014,3/20/2014,Standard Class,,Karen Ferguson,Home Office,United States,Manteca,California,95336,West,OFF-PA-10004359,Office Supplies,Paper,Multicolor Computer Printout Paper,314.55,3,0.0,150.984,Online
900038,CA-2015-600037,1/20/2014,1/25/2014,Second Class,,Neola Schneider,Consumer,United States,Philadelphia,Pennsylvania,19140,East,FUR-CH-10000309,Furniture,Chairs,Global Comet Stacking Arm Chair,887.271,3,0.3,-63.3765,Telesales
900039,CA-2015-600038,8/25/2014,8/30/2014,Standard Class,,Alan Haines,Corporate,United States,New York City,New York,10024,East,OFF-BI-10000138,Office Supplies,Binders,Acco Translucent Poly Ring Binders,3.744,1,0.2,1.3104,Store
900040,CA-2015-600039,9/15/2014,9/16/2014,First Class,,Pamela Stobb,Consumer,United States,Philadelphia,Pennsylvania,19140,East,FUR-CH-10002372,Furniture,Chairs,Office Star - Ergonomically Designed Knee Chair,113.372,2,0.3,-29.1528,Store
900041,CA-2015-600040,9/23/2014,9/27/2014,Standard Class,,Jim Epp,Corporate,United States,Milwaukee,Wisconsin,53209,Central,OFF-PA-10004475,Office Supplies,Paper,Xerox 1940,219.84,4,0.0,107.7216,Online
900042,CA-2015-600041,9/19/2014,9/22/2014,First Class,,Pete Armstrong,Home Office,United States,Dallas,Texas,75220,Central,OFF-EN-10000927,Office Supplies,Envelopes,Jet-Pak Recycled Peel 'N' Seal Padded Mailers,114.848,4,0.2,35.89,Store
900043,CA-2015-600042,9/29/2014,10/3/2014,Standard Class,,Sung Pak,Corporate,United States,Jacksonville,Florida,32216,South,OFF-PA-10001800,Office Supplies,Paper,Xerox 220,10.368,2,0.2,3.6288,Store
900044,CA-2015-600043,9/3/2014,9/9/2014,Standard Class,,Anthony Witt,Consumer,United States,Bakersfield,California,93309,West,TEC-PH-10003484,Technology,Phones,Ooma Telo VoIP Home Phone System,201.584,2,0.2,12.599,Store
900045,CA-2015-600044,12/24/2014,12/29/2014,Second Class,,Monica Federle,Corporate,United States,Little Rock,Arkansas,72209,South,OFF-PA-10001994,Office Supplies,Paper,"Ink Jet Note and Greeting Cards, 8-1/2"" x 5-1/2"" Card Size",44.96,2,0.0,20.6816,Telesales
900046,CA-2015-600045,8/22/2014,8/26/2014,Second Class,,Candace McMahon,Corporate,United States,Seattle,Washington,98115,West,FUR-CH-10004698,Furniture,Chairs,"Padded Folding Chairs, Black, 4/Carton",388.704,6,0.2,38.8704,Telesales
900047,CA-2015-600046,1/25/2014,1/30/2014,Standard Class,,Keith Dawkins,Corporate,United States,San Jose,California,95123,West,OFF-BI-10004318,Office Supplies,Binders,Ibico EB-19 Dual Function Manual Binding System,276.784,2,0.2,89.9548,Telesales
900048,CA-2015-600047,9/5/2014,9/7/2014,First Class,,Helen Wasserman,Corporate,United States,Chicago,Illinois,60653,Central,OFF-PA-10004041,Office Supplies,Paper,"It's Hot Message Books with Stickers, 2 3/4"" x 5""",17.76,3,0.2,5.55,Online
900049,CA-2015-600048,11/3/2014,11/8/2014,Standard Class,,Cindy Stewart,Consumer,United States,Los Angeles,California,90036,West,OFF-AP-10003040,Office Supplies,Appliances,Fellowes 8 Outlet Superior Workstation Surge Protector w/o Phone/Fax/Modem Protection,168.1,5,0.0,43.706,Telesales
900050,CA-2015-600049,11/6/2014,11/11/2014,Second Class,,Christina DeMoss,Consumer,United States,New York City,New York,10024,East,TEC-PH-10001448,Technology,Phones,Anker Astro 15000mAh USB Portable Charger,99.98,2,0.0,3.9992,Store
900051,CA-2015-600050,9/15/2014,9/16/2014,First Class,PS-18760,Pamela Stobb,Consumer,United States,Philadelphia,Pennsylvania,19140,,TEC-MA-10002930,Technology,Machines,Ricoh - Ink Collector Unit for GX3000 Series Printers,12.585,1,0.7,-18.0385,Telesales
900052,CA-2015-600051,10/29/2014,10/31/2014,Second Class,JM-15250,Janet Martin,Consumer,United States,Fayetteville,North Carolina,28314,,FUR-FU-10001876,Furniture,Furnishings,"Computer Room Manger, 14""",77.952,3,0.2,15.5904,Online
900053,CA-2015-600052,2/10/2014,2/14/2014,Standard Class,SB-20170,Sarah Bern,Consumer,United States,Los Angeles,California,90032,,OFF-ST-10001370,Office Supplies,Storage,Sensible Storage WireTech Storage Systems,354.9,5,0.0,17.745,Telesales
900054,CA-2015-600053,11/15/2014,11/17/2014,Second Class,TC-21295,Toby Carlisle,Consumer,United States,Houston,Texas,77095,,OFF-BI-10003684,Office Supplies,Binders,Wilson Jones Legal Size Ring Binders,21.99,5,0.8,-32.985,Store
900055,CA-2015-600054,9/20/2014,9/26/2014,Standard Class,AB-10105,Adrian Barton,Consumer,United States,Phoenix,Arizona,85023,,OFF-ST-10000321,Office Supplies,Storage,Akro Stacking Bins,12.624,2,0.2,-2.5248,Online
900056,CA-2015-600055,9/3/2014,9/5/2014,Second Class,MH-17290,Marc Harrigan,Home Office,United States,Los Angeles,California,90008,,OFF-BI-10004330,Office Supplies,Binders,"GBC Velobind Prepunched Cover Sets, Regency Series",147.92,5,0.2,46.225,Telesales
900057,CA-2015-600056,9/18/2014,9/22/2014,Second Class,AS-10225,Alan Schoenberger,Corporate,United States,Provo,Utah,84604,,OFF-PA-10000062,Office Supplies,Paper,Green Bar Computer Printout Paper,164.88,3,0.0,80.7912,Online
900058,CA-2015-600057,10/31/2014,10/31/2014,Same Day,RA-19945,Ryan Akin,Consumer,United States,Dallas,Texas,75217,,OFF-ST-10002214,Office Supplies,Storage,X-Rack File for Hanging Folders,54.192,6,0.2,4.0644,Online
900059,CA-2015-600058,9/19/2014,9/23/2014,Standard Class,TS-21505,Tony Sayre,Consumer,United States,Clovis,New Mexico,88101,,OFF-BI-10002012,Office Supplies,Binders,Wilson Jones Easy Flow II Sheet Lifters,10.08,7,0.2,3.528,Store
900060,CA-2015-600059,6/30/2014,7/3/2014,First Class,DR-12880,Dan Reichenbach,Corporate,United States,Milford,Connecticut,6460,,FUR-BO-10002598,Furniture,Bookcases,"Hon Metal Bookcases, Putty",638.82,9,0.0,185.2578,Online
900061,CA-2015-600060,11/15/2014,11/19/2014,Standard Class,XP-21865,Xylona Preis,Consumer,United States,Pasadena,Texas,77506,,TEC-AC-10004855,Technology,Accessories,V7 USB Numeric Keypad,167.952,6,0.2,-27.2922,Store
900062,CA-2015-600061,9/12/2014,9/17/2014,Standard Class,CC-12475,Cindy Chapman,Consumer,United States,Houston,Texas,77070,,OFF-PA-10004239,Office Supplies,Paper,Xerox 1953,10.272,3,0.2,3.21,Store
900063,CA-2015-600062,12/3/2014,12/10/2014,Standard Class,GW-14605,Giulietta Weimer,Consumer,United States,Philadelphia,Pennsylvania,19140,,OFF-BI-10003650,Office Supplies,Binders,GBC DocuBind 300 Electric Binding Machine,631.176,4,0.7,-462.8624,Telesales
900064,CA-2015-600063,4/2/2014,4/4/2014,First Class,GB-14530,George Bell,Corporate,United States,Florence,South Carolina,29501,,FUR-FU-10004006,Furniture,Furnishings,"Deflect-o DuraMat Lighweight, Studded, Beveled Mat for Low Pile Carpeting",127.95,3,0.0,21.7515,Online
900065,CA-2015-600064,1/8/2014,1/14/2014,Standard Class,TS-21085,Thais Sissman,Consumer,United States,Ormond Beach,Florida,32174,,OFF-BI-10000145,Office Supplies,Binders,Zipper Ring Binder Pockets,2.808,3,0.7,-1.9656,Online
900066,CA-2015-600065,8/20/2014,8/24/2014,Standard Class,DO-13435,Denny Ordway,Consumer,United States,Salt Lake City,Utah,84106,,OFF-BI-10002133,Office Supplies,Binders,"Wilson Jones Elliptical Ring 3 1/2"" Capacity Binders, 800 sheets",102.72,3,0.2,37.236,Online
900067,CA-2015-600066,11/14/2014,11/20/2014,Standard Class,KE-16420,Katrina Edelman,Corporate,United States,Dallas,Texas,75220,,OFF-ST-10000943,Office Supplies,Storage,Eldon ProFile File 'N Store Portable File Tub Letter/Legal Size Black,61.792,4,0.2,6.1792,Telesales
900068,CA-2015-600067,11/13/2014,11/16/2014,Second Class,EP-13915,Emily Phan,Consumer,United States,Los Angeles,California,90032,,OFF-PA-10001846,Office Supplies,Paper,Xerox 1899,11.56,2,0.0,5.6644,Store
900069,CA-2015-600068,2/4/2014,2/8/2014,Second Class,RD-19810,Ross DeVincentis,Home Office,United States,Chicago,Illinois,60610,,FUR-FU-10004597,Furniture,Furnishings,Eldon Cleatmat Chair Mats for Medium Pile Carpets,22.2,1,0.6,-26.085,Online
900070,CA-2015-600069,12/10/2014,12/12/2014,Second Class,DB-13210,Dean Braden,Consumer,United States,Detroit,Michigan,48234,,OFF-BI-10001636,Office Supplies,Binders,Ibico Plastic and Wire Spiral Binding Combs,33.72,4,0.0,15.5112,Store
900071,CA-2015-600070,1/22/2014,1/26/2014,Standard Class,DS-13030,Darrin Sayre,Home Office,United States,Seattle,Washington,98115,,OFF-ST-10000736,Office Supplies,Storage,Carina Double Wide Media Storage Towers in Natural & Black,242.94,3,0.0,9.7176,Online
900072,CA-2015-600071,12/19/2014,12/25/2014,Standard Class,DJ-13630,Doug Jacobs,Consumer,United States,New York City,New York,10009,,OFF-AR-10000462,Office Supplies,Art,Sanford Pocket Accent Highlighters,3.2,2,0.0,1.376,Telesales
900073,CA-2015-600072,3/13/2014,3/18/2014,Standard Class,BS-11380,Bill Stewart,Corporate,United States,San Francisco,California,94122,,OFF-ST-10000736,Office Supplies,Storage,Carina Double Wide Media Storage Towers in Natural & Black,242.94,3,0.0,9.7176,Online
900074,CA-2015-600073,11/20/2014,11/23/2014,Second Class,RB-19435,Richard Bierner,Consumer,United States,Springfield,Virginia,22153,,OFF-AR-10001177,Office Supplies,Art,Newell 349,22.96,7,0.0,6.6584,Telesales
900075,CA-2015-600074,3/28/2014,3/30/2014,Second Class,LC-16870,Lena Cacioppo,Consumer,United States,Richmond,Virginia,23223,,OFF-LA-10000476,Office Supplies,Labels,"Avery 05222 Permanent Self-Adhesive File Folder Labels for Typewriters, on Rolls, White, 250/Roll",8.26,2,0.0,3.7996,Online
900076,CA-2015-600075,3/31/2014,4/2/2014,Second Class,AB-10165,Alan Barnes,Consumer,United States,Lakewood,California,90712,,FUR-FU-10004973,Furniture,Furnishings,Flat Face Poster Frame,94.2,5,0.0,39.564,Telesales
900077,CA-2015-600076,9/25/2014,9/27/2014,Second Class,BD-11605,Brian Dahlen,Consumer,United States,Miami,Florida,33180,,TEC-AC-10002857,Technology,Accessories,"Verbatim 25 GB 6x Blu-ray Single Layer Recordable Disc, 1/Pack",17.88,3,0.2,2.4585,Online
900078,CA-2015-600077,10/20/2014,10/25/2014,Second Class,HH-15010,Hilary Holden,Corporate,United States,San Francisco,California,94110,,OFF-EN-10002973,Office Supplies,Envelopes,Ampad #10 Peel & Seel Holiday Envelopes,8.96,2,0.0,4.3008,Store
900079,CA-2015-600078,12/2/2014,12/4/2014,Second Class,CC-12670,Craig Carreira,Consumer,United States,New York City,New York,10009,,OFF-BI-10003460,Office Supplies,Binders,Acco 3-Hole Punch,17.52,5,0.2,6.132,Telesales
900080,CA-2015-600079,9/8/2014,9/12/2014,Standard Class,CB-12025,Cassandra Brandow,Consumer,United States,Philadelphia,Pennsylvania,19134,,OFF-LA-10002475,Office Supplies,Labels,Avery 519,29.24,5,0.2,9.8685,Telesales
900081,CA-2015-600080,9/18/2014,9/23/2014,Second Class,SJ-20125,Sanjit Jacobs,Home Office,United States,Houston,Texas,77036,Nort h,OFF-BI-10002412,Office Supplies,Binders,Wilson Jones “Snap” Scratch Pad Binder Tool for Ring Binders,5.8,5,0.8,-10.15,Store
900082,CA-2015-600081,12/12/2014,12/15/2014,Second Class,RS-19870,Roy Skaria,Home Office,United States,Burlington,Iowa,52601,Nort h,OFF-EN-10003160,Office Supplies,Envelopes,Pastel Pink Envelopes,7.28,1,0.0,3.4944,Telesales
900083,CA-2015-600082,2/17/2014,2/22/2014,Standard Class,JS-16030,Joy Smith,Consumer,United States,Decatur,Illinois,62521,Nort h,OFF-ST-10000642,Office Supplies,Storage,"Tennsco Lockers, Gray",50.352,3,0.2,-8.1822,Store
900084,CA-2015-600083,4/24/2014,4/26/2014,Second Class,JF-15355,Jay Fein,Consumer,United States,Pasadena,California,91104,Nort h,FUR-FU-10004864,Furniture,Furnishings,Eldon 500 Class Desk Accessories,24.14,2,0.0,7.9662,Telesales
900085,CA-2015-600084,11/14/2014,11/19/2014,Standard Class,TT-21070,Ted Trevino,Consumer,United States,Seattle,Washington,98103,Nort h,OFF-ST-10000991,Office Supplies,Storage,Space Solutions HD Industrial Steel Shelving.,344.91,3,0.0,10.3473,Telesales
900086,CA-2015-600085,3/22/2014,3/26/2014,Standard Class,RW-19690,Robert Waldorf,Consumer,United States,Lafayette,Indiana,47905,Nort h,OFF-PA-10004071,Office Supplies,Paper,"Eaton Premium Continuous-Feed Paper, 25% Cotton, Letter Size, White, 1000 Shts/Box",277.4,5,0.0,133.152,Online
900087,CA-2015-600086,9/23/2014,9/25/2014,Second Class,EH-14005,Erica Hernandez,Home Office,United States,Lansing,Michigan,48911,Nort h,OFF-LA-10000134,Office Supplies,Labels,Avery 511,27.72,9,0.0,13.3056,Telesales
900088,CA-2015-600087,5/29/2014,6/3/2014,Second Class,TH-21235,Tiffany House,Corporate,United States,Chicago,Illinois,60653,Nort h,OFF-BI-10004364,Office Supplies,Binders,Storex Dura Pro Binders,3.564,3,0.8,-6.237,Store
900089,CA-2015-600088,12/3/2014,12/7/2014,Standard Class,BS-11380,Bill Stewart,Corporate,United States,Denver,Colorado,80219,Nort h,FUR-CH-10002335,Furniture,Chairs,Hon GuestStacker Chair,906.68,5,0.2,68.001,Store
900090,CA-2015-600089,3/21/2014,3/25/2014,Standard Class,RD-19720,Roger Demir,Consumer,United States,Middletown,Connecticut,6457,Nort h,OFF-PA-10001125,Office Supplies,Paper,Xerox 1988,61.96,2,0.0,27.882,Store
900091,CA-2015-600090,5/1/2014,5/6/2014,Standard Class,AD-10180,Alan Dominguez,Home Office,United States,San Francisco,California,94122,West,OFF-PA-10000675,Office Supplies,Paper,Xerox 1919,N/A,4,0.0,80.3404,Online
900092,CA-2015-600091,11/7/2014,11/7/2014,Same Day,FM-14290,Frank Merwin,Home Office,United States,San Francisco,California,94122,West,OFF-PA-10002764,Office Supplies,Paper,Staples,N/A,4,0.0,22.2264,Telesales
900093,CA-2015-600092,9/1/2014,9/6/2014,Standard Class,MG-17890,Michael Granlund,Home Office,United States,Salem,Oregon,97301,West,OFF-SU-10002522,Office Supplies,Supplies,Acme Kleen Earth Office Shears,N/A,2,0.2,0.6984,Store
900094,CA-2015-600093,11/4/2014,11/10/2014,Standard Class,BG-11740,Bruce Geld,Consumer,United States,Bakersfield,California,93309,West,FUR-TA-10001086,Furniture,Tables,"SAFCO PlanMaster Boards, 60w x 37-1/2d, White Melamine",N/A,4,0.2,36.4776,Online
900095,CA-2015-600094,4/10/2014,4/12/2014,First Class,SA-20830,Sue Ann Reed,Consumer,United States,Jacksonville,Florida,32216,South,OFF-LA-10000121,Office Supplies,Labels,Avery 48,N/A,3,0.2,4.914,Telesales
900096,CA-2015-600095,8/19/2014,8/23/2014,Standard Class,RA-19915,Russell Applegate,Consumer,United States,Dallas,Texas,75220,Central,OFF-ST-10002276,Office Supplies,Storage,Safco Steel Mobile File Cart,N/A,3,0.2,12.504,Store
900097,CA-2015-600096,3/18/2014,3/22/2014,Second Class,CL-12565,Clay Ludtke,Consumer,United States,Lancaster,California,93534,West,OFF-BI-10000014,Office Supplies,Binders,Heavy-Duty E-Z-D Binders,N/A,2,0.2,5.8914,Telesales
900098,CA-2015-600097,4/22/2014,4/28/2014,Standard Class,RP-19390,Resi Pölking,Consumer,United States,Houston,Texas,77041,Central,OFF-BI-10002049,Office Supplies,Binders,UniKeep View Case Binders,N/A,3,0.8,-4.9878,Store
900099,CA-2015-600098,6/30/2011,7/6/2011,Standard Class,CS-11860,Cari Schnelling,Consumer,United States,New York City,New York,10011,East,OFF-BI-10004528,Office Supplies,Binders,Cardinal Poly Pocket Divider Pockets for Ring Binders,N/A,1,0.0,0.882,Telesales
900100,CA-2015-600099,10/14/2014,10/21/2014,Standard Class,JW-15220,Jane Waco,Corporate,United States,Sacramento,California,95823,West,TEC-AC-10002335,Technology,Accessories,Logitech Media Keyboard K200,N/A,6,0.0,39.8886,Online
900101,CA-2015-600100,8/18/2014,8/25/2014,Standard Class,RW-19540,Rick Wilson,Corporate,United States,Brentwood,California,94513,West,OFF-EN-10003134,Office Supplies,Envelopes,Staples,N/A,2,0.0,11.68,Online
900102,CA-2015-600101,4/26/2014,4/30/2014,Second Class,MB-18085,Mick Brown,Consumer,United States,Los Angeles,California,90049,West,OFF-BI-10002103,Office Supplies,Binders,"Cardinal Slant-D Ring Binder, Heavy Gauge Vinyl",N/A,2,0.2,4.5188,Store
900103,CA-2015-600102,2/17/2014,2/22/2014,Standard Class,JS-16030,Joy Smith,Consumer,United States,Decatur,Illinois,62521,Central,OFF-AR-10004078,Office Supplies,Art,Newell 312,N/A,6,0.2,3.504,Online
900104,CA-2015-600103,7/26/2014,7/29/2014,Second Class,JC-15775,John Castell,Consumer,United States,Philadelphia,Pennsylvania,19143,East,OFF-SU-10004884,Office Supplies,Supplies,Acme Galleria Hot Forged Steel Scissors with Colored Handles,N/A,3,0.2,4.2471,Telesales
900105,CA-2015-600104,9/2/2014,9/2/2014,Same Day,RW-19540,Rick Wilson,Corporate,United States,Seattle,Washington,98103,West,OFF-AP-10001005,Office Supplies,Appliances,Honeywell Quietcare HEPA Air Cleaner,N/A,4,0.0,103.818,Store
900106,CA-2015-600105,12/23/2014,12/26/2014,Second Class,AG-10330,Alex Grayson,Consumer,United States,Mesa,Arizona,85204,West,FUR-TA-10003008,Furniture,Tables,"Lesro Round Back Collection Coffee Table, End Table",N/A,2,0.5,-135.087,Telesales
900107,CA-2015-600106,9/25/2014,9/29/2014,Standard Class,MH-18115,Mick Hernandez,Home Office,United States,Lancaster,Ohio,43130,East,TEC-PH-10002885,Technology,Phones,Apple iPhone 5,N/A,3,0.4,-253.4337,Online
900108,CA-2015-600107,12/4/2014,12/11/2014,Standard Class,MC-17575,Matt Collins,Consumer,United States,Fayetteville,North Carolina,28314,South,OFF-AP-10002350,Office Supplies,Appliances,Belkin F9H710-06 7 Outlet SurgeMaster Surge Protector,N/A,3,0.2,4.5216,Telesales
900109,CA-2015-600108,9/24/2014,9/30/2014,Standard Class,DB-13660,Duane Benoit,Consumer,United States,Los Angeles,California,90036,West,OFF-PA-10003641,Office Supplies,Paper,Xerox 1909,N/A,8,0.0,97.0784,Online
900110,CA-2015-600109,11/17/2014,11/22/2014,Standard Class,BS-11380,Bill Stewart,Corporate,United States,Bowling Green,Ohio,43402,East,OFF-AR-10004022,Office Supplies,Art,Panasonic KP-380BK Classic Electric Pencil Sharpener,N/A,3,0.2,5.397,Online
900111,CA-2015-600110,5/5/2014,5/10/2014,Standard Class,LW-16990,Lindsay Williams,Corporate,United States,San Francisco,California,94109,West,FUR-TA-10003473,Furniture,Tables,Bretford Rectangular Conference Table Tops,-250.5,1,0.2,11.2839,Store
900112,CA-2015-600111,2/14/2014,2/20/2014,Standard Class,FH-14350,Fred Harton,Consumer,United States,Seattle,Washington,98105,West,OFF-AR-10001547,Office Supplies,Art,Newell 311,-250.5,3,0.0,1.7901,Online
900113,CA-2015-600112,11/17/2014,11/21/2014,Second Class,BM-11650,Brian Moss,Corporate,United States,Elyria,Ohio,44035,East,OFF-BI-10002949,Office Supplies,Binders,Prestige Round Ring Binders,-250.5,1,0.7,-1.3984,Store
900114,CA-2015-600113,7/9/2014,7/16/2014,Standard Class,JC-15385,Jenna Caffey,Consumer,United States,Kent,Washington,98031,West,FUR-FU-10002937,Furniture,Furnishings,"GE 48"" Fluorescent Tube, Cool White Energy Saver, 34 Watts, 30/Box",-250.5,2,0.0,99.23,Online
900115,CA-2015-600114,10/21/2014,10/23/2014,Second Class,JE-16165,Justin Ellison,Corporate,United States,Woodland,California,95695,West,OFF-LA-10003714,Office Supplies,Labels,Avery 510,-250.5,1,0.0,1.8,Store
900116,CA-2015-600115,12/17/2014,12/22/2014,Second Class,AY-10555,Andy Yotov,Corporate,United States,Oceanside,California,92054,West,OFF-BI-10002949,Office Supplies,Binders,Prestige Round Ring Binders,-250.5,5,0.2,8.208,Online
900117,CA-2015-600116,7/18/2014,7/24/2014,Standard Class,BE-11335,Bill Eplett,Home Office,United States,Rome,New York,13440,East,TEC-PH-10004536,Technology,Phones,Avaya 5420 Digital phone,-250.5,2,0.0,67.495,Online
900118,CA-2015-600117,3/31/2014,4/1/2014,First Class,TM-21490,Tony Molinari,Consumer,United States,Oklahoma City,Oklahoma,73120,Central,OFF-EN-10004206,Office Supplies,Envelopes,Multimedia Mailers,-250.5,2,0.0,149.8956,Store
900119,CA-2015-600118,12/26/2014,1/2/2015,Standard Class,GA-14725,Guy Armstrong,Consumer,United States,Dallas,Texas,75081,Central,OFF-BI-10001116,Office Supplies,Binders,"Wilson Jones 1"" Hanging DublLock Ring Binders",-250.5,3,0.8,-5.0688,Telesales
900120,CA-2015-600119,9/11/2014,9/18/2014,Standard Class,HA-14905,Helen Abelman,Consumer,United States,Springfield,Ohio,45503,East,TEC-AC-10003499,Technology,Accessories,Memorex Mini Travel Drive 8 GB USB 2.0 Flash Drive,-250.5,4,0.2,8.8008,Online
900121,CA-2015-600120,12/2/2013,12/6/2013,Standard Class,JE-15745,Joel Eaton,Consumer,United States,Rockville,Maryland,20852,East,FUR-CH-10001270,Furniture,Chairs,Harbour Creations Steel Folding Chair,-250.5,2,0.0,54.3375,Telesales
900122,CA-2015-600121,9/3/2014,9/9/2014,Standard Class,JS-15595,Jill Stevenson,Corporate,United States,Chicago,Illinois,60653,Central,OFF-AP-10003278,Office Supplies,Appliances,Belkin 7-Outlet SurgeMaster Home Series,-250.5,2,0.8,-15.0876,Store
900123,CA-2015-600122,10/13/2014,10/17/2014,Standard Class,NP-18670,Nora Paige,Consumer,United States,Lakewood,New Jersey,8701,East,OFF-FA-10000621,Office Supplies,Fasteners,"OIC Colored Binder Clips, Assorted Sizes",-250.5,5,0.0,8.771,Store
900124,CA-2015-600123,9/26/2014,9/28/2014,Second Class,RB-19360,Raymond Buch,Consumer,United States,Cincinnati,Ohio,45231,East,OFF-AR-10001547,Office Supplies,Art,Newell 311,-250.5,6,0.2,0.9282,Online
900125,CA-2015-600124,7/8/2014,7/10/2014,Second Class,MP-17965,Michael Paige,Corporate,United States,Warwick,Rhode Island,2886,East,TEC-AC-10004353,Technology,Accessories,Hypercom P1300 Pinpad,-250.5,4,0.0,93.24,Store
900126,CA-2015-600125,11/19/2014,11/19/2014,Same Day,NB-18655,Nona Balk,Corporate,United States,Milwaukee,Wisconsin,53209,Central,OFF-ST-10001321,Office Supplies,Storage,"Decoflex Hanging Personal Folder File, Blue",-250.5,6,0.0,24.9804,Store
900127,CA-2015-600126,10/20/2014,10/24/2014,Standard Class,MO-17500,Mary O'Rourke,Consumer,United States,Chicago,Illinois,60623,Central,FUR-TA-10003008,Furniture,Tables,"Lesro Round Back Collection Coffee Table, End Table",-250.5,1,0.5,-67.5435,Online
900128,CA-2015-600127,12/12/2014,12/14/2014,First Class,DK-13375,Dennis Kane,Consumer,United States,Abilene,Texas,79605,Central,OFF-AP-10001634,Office Supplies,Appliances,Hoover Commercial Lightweight Upright Vacuum,-250.5,2,0.8,-3.7584,Store
900129,CA-2015-600128,5/1/2014,5/6/2014,Second Class,DL-13495,Dionis Lloyd,Corporate,United States,New York City,New York,10024,East,OFF-EN-10002986,Office Supplies,Envelopes,"#10-4 1/8"" x 9 1/2"" Premium Diagonal Seam Envelopes",-250.5,4,0.0,28.332,Telesales
900130,CA-2015-600129,9/5/2014,9/9/2014,Second Class,GM-14695,Greg Maxwell,Corporate,United States,Los Angeles,California,90036,West,FUR-TA-10000198,Furniture,Tables,Chromcraft Bull-Nose Wood Oval Conference Tables & Bases,-250.5,3,0.2,-99.1764,Store
900131,CA-2015-600130,12/1/2014,12/5/2014,Standard Class,SC-20800,Stuart Calhoun,Consumer,United States,Edinburg,Texas,78539,Central,OFF-FA-10000611,Office Supplies,Fasteners,Binder Clips by OIC,2.368,-3,0.2,0.8288,Store
900132,CA-2015-600131,10/22/2014,10/22/2014,Same Day,SL-20155,Sara Luxemburg,Home Office,United States,Muskogee,Oklahoma,74403,Central,FUR-TA-10002356,Furniture,Tables,Bevis Boat-Shaped Conference Table,262.11,-3,0.0,62.9064,Online
900133,CA-2015-600132,11/18/2014,11/22/2014,Standard Class,CC-12370,Christopher Conant,Consumer,United States,New York City,New York,10011,East,OFF-PA-10004735,Office Supplies,Paper,Xerox 1905,38.88,-3,0.0,18.6624,Telesales
900134,CA-2015-600133,10/28/2014,11/3/2014,Standard Class,NB-18655,Nona Balk,Corporate,United States,Tallahassee,Florida,32303,South,OFF-PA-10001685,Office Supplies,Paper,Staples,56.784,-3,0.2,20.5842,Store
900135,CA-2015-600134,5/10/2014,5/12/2014,First Class,LB-16795,Laurel Beltran,Home Office,United States,Seattle,Washington,98105,West,TEC-AC-10004171,Technology,Accessories,Razer Kraken 7.1 Surround Sound Over Ear USB Gaming Headset,199.98,-3,0.0,87.9912,Store
900136,CA-2015-600135,12/17/2014,12/22/2014,Second Class,AY-10555,Andy Yotov,Corporate,United States,Oceanside,California,92054,West,FUR-FU-10002445,Furniture,Furnishings,"DAX Two-Tone Rosewood/Black Document Frame, Desktop, 5 x 7",18.96,-3,0.0,7.584,Telesales
900137,CA-2015-600136,7/21/2014,7/26/2014,Standard Class,EM-13825,Elizabeth Moffitt,Corporate,United States,Sioux Falls,South Dakota,57103,Central,OFF-LA-10004093,Office Supplies,Labels,Avery 486,14.62,-3,0.0,6.8714,Telesales
900138,CA-2015-600137,1/31/2014,2/6/2014,Standard Class,BV-11245,Benjamin Venier,Corporate,United States,Des Moines,Iowa,50315,Central,FUR-FU-10002597,Furniture,Furnishings,"C-Line Magnetic Cubicle Keepers, Clear Polypropylene",34.58,-3,0.0,14.5236,Online
900139,CA-2015-600138,5/6/2014,5/10/2014,Standard Class,DK-12985,Darren Koutras,Consumer,United States,San Francisco,California,94122,West,OFF-EN-10003448,Office Supplies,Envelopes,"Peel & Seel Recycled Catalog Envelopes, Brown",23.16,-3,0.0,11.58,Online
900140,CA-2015-600139,11/3/2014,11/5/2014,Second Class,NL-18310,Nancy Lomonaco,Home Office,United States,Danville,California,94526,West,OFF-FA-10004838,Office Supplies,Fasteners,"Super Bands, 12/Pack",5.58,-3,0.0,0.1674,Online
900141,CA-2015-600140,12/30/2014,1/3/2015,Standard Class,BS-11755,Bruce Stewart,Consumer,United States,Edmonds,Washington,98026,West,OFF-FA-10000089,Office Supplies,Fasteners,Acco Glide Clips,19.6,-3,0.0,9.604,Online
900142,CA-2015-600141,11/8/2014,11/14/2014,Standard Class,EP-13915,Emily Phan,Consumer,United States,Philadelphia,Pennsylvania,19120,East,TEC-PH-10003811,Technology,Phones,Jabra Supreme Plus Driver Edition Headset,359.97,-3,0.4,-71.994,Online
900143,CA-2015-600142,11/6/2014,11/7/2014,First Class,RA-19885,Ruben Ausman,Corporate,United States,Farmington,New Mexico,87401,West,TEC-AC-10003911,Technology,Accessories,NETGEAR AC1750 Dual Band Gigabit Smart WiFi Router,159.99,-3,0.0,54.3966,Store
900144,CA-2015-600143,2/24/2014,3/3/2014,Standard Class,AC-10615,Ann Chong,Corporate,United States,Seattle,Washington,98115,West,OFF-FA-10002701,Office Supplies,Fasteners,Alliance Rubber Bands,8.4,-3,0.0,0.336,Store
900145,CA-2015-600144,11/5/2014,11/6/2014,First Class,KL-16555,Kelly Lampkin,Corporate,United States,Greensboro,North Carolina,27405,South,TEC-PH-10002483,Technology,Phones,Motorola Moto X,1359.96,-3,0.2,118.9965,Store
900146,CA-2015-600145,10/21/2014,10/28/2014,Standard Class,IG-15085,Ivan Gibson,Consumer,United States,Little Rock,Arkansas,72209,South,OFF-BI-10003364,Office Supplies,Binders,Binding Machine Supplies,145.85,-3,0.0,70.008,Telesales
900147,CA-2015-600146,12/6/2014,12/9/2014,First Class,RB-19570,Rob Beeghly,Consumer,United States,Columbus,Indiana,47201,Central,OFF-AP-10004532,Office Supplies,Appliances,Kensington 6 Outlet Guardian Standard Surge Protector,61.44,-3,0.0,16.5888,Online
900148,CA-2015-600147,1/28/2014,1/31/2014,Second Class,JH-15820,John Huston,Consumer,United States,Kent,Ohio,44240,East,TEC-AC-10000927,Technology,Accessories,Anker Ultrathin Bluetooth Wireless Keyboard Aluminum Cover with Stand ,71.976,-3,0.2,-8.997,Online
900149,CA-2015-600148,4/9/2014,4/13/2014,Standard Class,NH-18610,Nicole Hansen,Corporate,United States,Oak Park,Michigan,48237,Central,FUR-FU-10004665,Furniture,Furnishings,"3M Polarizing Task Lamp with Clamp Arm, Light Gray",273.96,-3,0.0,71.2296,Online
900150,CA-2015-600149,9/16/2014,9/22/2014,Standard Class,ES-14020,Erica Smith,Consumer,United States,Los Angeles,California,90049,West,OFF-BI-10004390,Office Supplies,Binders,GBC DocuBind 200 Manual Binding Machine,2357.488,-3,0.2,884.058,Telesales
900151,CA-2015-600150,3/4/2014,3/9/2014,Standard Class,LP-17095,Liz Preis,Consumer,United States,Murray,Kentucky,42071,South,OFF-AP-10004859,Office Supplies,Appliances,Acco 6 Outlet Guardian Premium Surge Suppressor,72.8,5,1.75,19.656,Store
900152,CA-2015-600151,12/22/2014,12/29/2014,Standard Class,DB-13210,Dean Braden,Consumer,United States,Paterson,New Jersey,7501,East,OFF-PA-10001144,Office Supplies,Paper,Xerox 1913,166.44,3,1.75,79.8912,Store
900153,CA-2015-600152,9/11/2014,9/11/2014,Same Day,SH-20395,Shahid Hopkins,Consumer,United States,New York City,New York,10024,East,OFF-PA-10004911,Office Supplies,Paper,"Rediform S.O.S. 1-Up Phone Message Bk, 4-1/4x3-1/16 Bk, 1 Form/Pg, 40 Messages/Bk, 3/Pk",18.76,2,1.75,9.0048,Store
900154,CA-2015-600153,12/2/2014,12/6/2014,Standard Class,SC-20305,Sean Christensen,Consumer,United States,Philadelphia,Pennsylvania,19140,East,OFF-LA-10004853,Office Supplies,Labels,Avery 483,15.936,4,1.75,5.1792,Online
900155,CA-2015-600154,8/5/2011,8/11/2011,Standard Class,SS-20590,Sonia Sunley,Consumer,United States,San Francisco,California,94122,West,TEC-AC-10004510,Technology,Accessories,Logitech Desktop MK120 Mouse and keyboard Combo,17.178,1,1.75,1.7178,Telesales
900156,CA-2015-600155,6/12/2014,6/13/2014,First Class,BC-11125,Becky Castell,Home Office,United States,Peoria,Arizona,85345,West,FUR-CH-10001394,Furniture,Chairs,Global Leather Executive Chair,280.792,1,1.75,35.099,Online
900157,CA-2015-600156,10/1/2014,10/3/2014,First Class,BF-10975,Barbara Fisher,Corporate,United States,Philadelphia,Pennsylvania,19120,East,OFF-LA-10004677,Office Supplies,Labels,Self-Adhesive Address Labels for Typewriters with Dispenser Box,20.664,7,1.75,6.9741,Online
900158,CA-2015-600157,4/27/2014,5/2/2014,Standard Class,PO-19180,Philisse Overcash,Home Office,United States,Seattle,Washington,98115,West,OFF-PA-10003673,Office Supplies,Paper,Strathmore Photo Mount Cards,20.34,3,1.75,9.3564,Telesales
900159,CA-2015-600158,4/15/2014,4/19/2014,Standard Class,DW-13585,Dorothy Wardle,Corporate,United States,Fayetteville,North Carolina,28314,South,FUR-BO-10003433,Furniture,Bookcases,Sauder Cornerstone Collection Library,198.272,8,1.75,-32.2192,Store
900160,CA-2015-600159,4/15/2014,4/18/2014,First Class,AB-10165,Alan Barnes,Consumer,United States,Toledo,Ohio,43615,East,OFF-PA-10004971,Office Supplies,Paper,Xerox 196,13.872,3,1.75,5.0286,Online
900161,CA-2015-600160,11/10/2014,11/15/2014,Standard Class,MC-17590,Matt Collister,Corporate,United States,Coachella,California,92236,West,TEC-AC-10004171,Technology,Accessories,Razer Kraken 7.1 Surround Sound Over Ear USB Gaming Headset,99.99,1,1.75,43.9956,Online
900162,CA-2015-600161,10/31/2014,11/6/2014,Standard Class,JK-15205,Jamie Kunitz,Consumer,United States,San Francisco,California,94122,West,FUR-CH-10003061,Furniture,Chairs,"Global Leather Task Chair, Black",71.992,1,1.75,-0.8999,Online
900163,CA-2015-600162,5/14/2014,5/21/2014,Standard Class,RB-19795,Ross Baird,Home Office,United States,San Francisco,California,94110,West,OFF-LA-10000240,Office Supplies,Labels,Self-Adhesive Address Labels for Typewriters by Universal,58.48,8,1.75,27.4856,Telesales
900164,CA-2015-600163,6/4/2014,6/11/2014,Standard Class,NR-18550,Nick Radford,Consumer,United States,Pembroke Pines,Florida,33024,South,OFF-AP-10003622,Office Supplies,Appliances,"Bravo II Megaboss 12-Amp Hard Body Upright, Replacement Belts, 2 Belts per Pack",5.2,2,1.75,0.585,Store
900165,CA-2015-600164,11/26/2014,11/30/2014,Standard Class,BD-11500,Bradley Drucker,Consumer,United States,San Francisco,California,94122,West,FUR-BO-10002213,Furniture,Bookcases,"Sauder Forest Hills Library, Woodland Oak Finish",359.499,3,1.75,-29.6058,Telesales
900166,CA-2015-600165,2015-13-45,9/5/2014,Second Class,LW-17215,Luke Weiss,Consumer,United States,Fort Collins,Colorado,80525,West,OFF-LA-10002475,Office Supplies,Labels,Avery 519,11.696,2,0.2,3.9474,Store
900167,CA-2015-600166,2015-13-45,5/7/2014,Standard Class,JF-15490,Jeremy Farry,Consumer,United States,Columbus,Ohio,43229,East,OFF-PA-10004451,Office Supplies,Paper,Xerox 222,10.368,2,0.2,3.6288,Online
900168,CA-2015-600167,2015-13-45,9/10/2014,Second Class,MD-17350,Maribeth Dona,Consumer,United States,Akron,Ohio,44312,East,OFF-PA-10000007,Office Supplies,Paper,"Telephone Message Books with Fax/Mobile Section, 4 1/4"" x 6""",11.52,4,0.2,3.744,Online
900169,CA-2015-600168,2015-13-45,10/31/2014,Standard Class,CS-11950,Carlos Soltero,Consumer,United States,Jackson,Mississippi,39212,South,OFF-FA-10000735,Office Supplies,Fasteners,Staples,11.68,4,0.0,5.256,Telesales
900170,CA-2015-600169,2015-13-45,12/7/2014,Standard Class,AD-10180,Alan Dominguez,Home Office,United States,Fairfield,Connecticut,6824,East,FUR-CH-10000155,Furniture,Chairs,Global Comet Stacking Armless Chair,897.15,3,0.0,251.202,Online
900171,CA-2015-600170,2015-13-45,7/10/2014,First Class,RL-19615,Rob Lucas,Consumer,United States,Philadelphia,Pennsylvania,19120,East,TEC-PH-10001363,Technology,Phones,Apple iPhone 5S,683.988,2,0.4,-113.998,Store
900172,CA-2015-600171,2015-13-45,10/24/2014,Second Class,MA-17560,Matt Abelman,Home Office,United States,Houston,Texas,77095,Central,OFF-PA-10000249,Office Supplies,Paper,Staples,29.472,3,0.2,9.9468,Store
900173,CA-2015-600172,2015-13-45,11/22/2014,First Class,CD-12280,Christina DeMoss,Consumer,United States,Seattle,Washington,98105,West,OFF-FA-10000611,Office Supplies,Fasteners,Binder Clips by OIC,2.96,2,0.0,1.4208,Online
900174,CA-2015-600173,2015-13-45,12/25/2014,Second Class,MM-17920,Michael Moore,Consumer,United States,San Francisco,California,94110,West,OFF-BI-10001510,Office Supplies,Binders,Deluxe Heavy-Duty Vinyl Round Ring Binder,36.672,2,0.2,11.46,Telesales
900175,CA-2015-600174,2015-13-45,12/30/2014,Standard Class,FH-14365,Fred Hopkins,Corporate,United States,Los Angeles,California,90008,West,OFF-BI-10001718,Office Supplies,Binders,GBC DocuBind P50 Personal Binding Machine,153.552,3,0.2,51.8238,Store
900176,CA-2015-600175,2015-13-45,9/21/2014,Standard Class,AB-10165,Alan Barnes,Consumer,United States,Lebanon,Tennessee,37087,South,OFF-PA-10001033,Office Supplies,Paper,Xerox 1893,163.96,5,0.2,59.4355,Telesales
900177,CA-2015-600176,2015-13-45,11/29/2014,Standard Class,JM-15250,Janet Martin,Consumer,United States,Charlotte,North Carolina,28205,South,TEC-PH-10002844,Technology,Phones,Speck Products Candyshell Flip Case,27.992,1,0.2,2.0994,Online
900178,CA-2015-600177,2015-13-45,9/28/2014,Standard Class,PB-19105,Peter Bühler,Consumer,United States,Smyrna,Georgia,30080,South,OFF-PA-10004255,Office Supplies,Paper,Xerox 219,12.96,2,0.0,6.2208,Store
900179,CA-2015-600178,2015-13-45,5/19/2014,Standard Class,CS-12175,Charles Sheldon,Corporate,United States,San Francisco,California,94122,West,OFF-AP-10004868,Office Supplies,Appliances,Hoover Commercial Soft Guard Upright Vacuum And Disposable Filtration Bags,7.77,1,0.0,2.0979,Store
900180,CA-2015-600179,2015-13-45,9/15/2014,Same Day,LT-17110,Liz Thompson,Consumer,United States,Orange,New Jersey,7050,East,OFF-AR-10001725,Office Supplies,Art,Boston Home & Office Model 2000 Electric Pencil Sharpeners,70.95,3,0.0,18.447,Online
900181,CA-2015-600180,2015-13-45,7/29/2014,Second Class,JC-15775,John Castell,Consumer,United States,Philadelphia,Pennsylvania,19143,East,FUR-FU-10000732,Furniture,Furnishings,Eldon 200 Class Desk Accessories,20.096,4,0.2,3.0144,Store
900182,CA-2015-600181,2015-13-45,9/29/2014,First Class,AH-10075,Adam Hart,Corporate,United States,Chester,Pennsylvania,19013,East,OFF-BI-10003476,Office Supplies,Binders,Avery Metallic Poly Binders,8.595,5,0.7,-6.303,Store
900183,CA-2015-600182,2015-13-45,10/2/2014,First Class,DS-13030,Darrin Sayre,Home Office,United States,Aurora,Colorado,80013,West,TEC-AC-10003657,Technology,Accessories,Lenovo 17-Key USB Numeric Keypad,54.384,2,0.2,1.3596,Online
900184,CA-2015-600183,2015-13-45,11/10/2014,Second Class,JF-15565,Jill Fjeld,Consumer,United States,Fayetteville,North Carolina,28314,South,OFF-ST-10000736,Office Supplies,Storage,Carina Double Wide Media Storage Towers in Natural & Black,259.136,4,0.2,-51.8272,Telesales
900185,CA-2015-600184,2015-13-45,6/14/2014,Standard Class,FO-14305,Frank Olsen,Consumer,United States,Glendale,Arizona,85301,West,OFF-BI-10000778,Office Supplies,Binders,GBC VeloBinder Electric Binding Machine,72.588,2,0.7,-48.392,Store
900186,CA-2015-600185,5/23/2014,1/1/2001,Standard Class,VF-21715,Vicky Freymann,Home Office,United States,San Francisco,California,94109,West,OFF-AR-10003732,Office Supplies,Art,Newell 333,2.78,1,0.0,0.7228,Store
900187,CA-2015-600186,7/18/2014,1/1/2001,Standard Class,AB-10255,Alejandro Ballentine,Home Office,United States,Los Angeles,California,90036,West,TEC-CO-10004202,Technology,Copiers,Brother DCP1000 Digital 3 in 1 Multifunction Machine,479.984,2,0.2,89.997,Store
900188,CA-2015-600187,9/12/2014,1/1/2001,Same Day,KF-16285,Karen Ferguson,Home Office,United States,Long Beach,California,90805,West,OFF-PA-10003172,Office Supplies,Paper,Xerox 1996,12.96,2,0.0,6.2208,Online
900189,CA-2015-600188,6/11/2014,1/1/2001,First Class,BW-11200,Ben Wallace,Consumer,United States,Los Angeles,California,90032,West,OFF-AR-10002375,Office Supplies,Art,Newell 351,16.4,5,0.0,4.756,Telesales
900190,CA-2015-600189,6/17/2014,1/1/2001,Second Class,JE-15745,Joel Eaton,Consumer,United States,Florence,Kentucky,41042,South,TEC-PH-10002085,Technology,Phones,Clarity 53712,65.99,1,0.0,17.1574,Telesales
900191,CA-2015-600190,12/28/2014,1/1/2001,Same Day,DR-12880,Dan Reichenbach,Corporate,United States,Newark,Ohio,43055,East,OFF-AR-10004441,Office Supplies,Art,BIC Brite Liner Highlighters,13.248,4,0.2,3.6432,Telesales
900192,CA-2015-600191,6/18/2014,1/1/2001,Second Class,PF-19165,Philip Fox,Consumer,United States,Olympia,Washington,98502,West,OFF-ST-10003722,Office Supplies,Storage,Project Tote Personal File,14.03,1,0.0,4.0687,Telesales
900193,CA-2015-600192,2/3/2014,1/1/2001,First Class,DW-13585,Dorothy Wardle,Corporate,United States,Columbus,Ohio,43229,East,OFF-PA-10002377,Office Supplies,Paper,Xerox 1916,78.304,2,0.2,29.364,Store
900194,CA-2015-600193,12/14/2014,1/1/2001,Standard Class,EP-13915,Emily Phan,Consumer,United States,San Francisco,California,94122,West,FUR-FU-10001473,Furniture,Furnishings,"Eldon Executive Woodline II Desk Accessories, Mahogany",201.04,8,0.0,54.2808,Store
900195,CA-2015-600194,2/17/2014,1/1/2001,Standard Class,JS-16030,Joy Smith,Consumer,United States,Decatur,Illinois,62521,Central,OFF-FA-10004854,Office Supplies,Fasteners,"Vinyl Coated Wire Paper Clips in Organizer Box, 800/Box",18.368,2,0.2,6.1992,Online
900196,CA-2015-600195,11/15/2014,1/1/2001,Second Class,CK-12595,Clytie Kelty,Consumer,United States,Grove City,Ohio,43123,East,TEC-PH-10000011,Technology,Phones,PureGear Roll-On Screen Protector,119.94,10,0.4,15.992,Telesales
900197,CA-2015-600196,11/5/2014,1/1/2001,Standard Class,CA-12265,Christina Anderson,Consumer,United States,Chattanooga,Tennessee,37421,South,TEC-AC-10000303,Technology,Accessories,Logitech M510 Wireless Mouse,95.976,3,0.2,15.5961,Telesales
900198,CA-2015-600197,5/19/2014,1/1/2001,First Class,TB-21355,Todd Boyes,Corporate,United States,Sandy Springs,Georgia,30328,South,TEC-PH-10002350,Technology,Phones,Apple EarPods with Remote and Mic,55.98,2,0.0,15.6744,Store
900199,CA-2015-600198,3/27/2014,1/1/2001,Standard Class,HK-14890,Heather Kirkland,Corporate,United States,Houston,Texas,77070,Central,TEC-CO-10002313,Technology,Copiers,Canon PC1080F Personal Copier,2399.96,5,0.2,569.9905,Store
900200,CA-2015-600199,11/24/2014,1/1/2001,Standard Class,JM-15250,Janet Martin,Consumer,United States,Charlotte,North Carolina,28205,South,OFF-AR-10000390,Office Supplies,Art,Newell Chalk Holder,3.304,1,0.2,1.0738,Store
900201,CA-2015-600200,9/5/2014,9/7/2014,First Class,HW-14935,Helen Wasserman,Corporate,United States,Chicago,Illinois,60653,Central,OFF-AR-10001149, furniture ,Art,"Sanford Colorific Colored Pencils, 12/Box",6.912,3,0.2,0.864,Store
900202,CA-2015-600201,3/22/2014,3/24/2014,Second Class,SC-20725,Steven Cartwright,Consumer,United States,Los Angeles,California,90045,West,OFF-BI-10003981, furniture ,Binders,"Avery Durable Plastic 1"" Binders",10.896,3,0.2,3.9498,Online
900203,CA-2015-600202,2/14/2014,2/18/2014,Standard Class,MH-17455,Mark Hamilton,Consumer,United States,Minneapolis,Minnesota,55407,Central,OFF-AP-10004785, furniture ,Appliances,"Holmes Replacement Filter for HEPA Air Cleaner, Medium Room",90.64,8,0.0,38.9752,Online
900204,CA-2015-600203,6/27/2014,7/1/2014,Standard Class,SC-20260,Scott Cohen,Corporate,United States,New York City,New York,10009,East,OFF-SU-10002503, furniture ,Supplies,Acme Preferred Stainless Steel Scissors,28.4,5,0.0,8.236,Online
900205,CA-2015-600204,4/13/2014,4/16/2014,Second Class,BD-11320,Bill Donatelli,Consumer,United States,Providence,Rhode Island,2908,East,OFF-PA-10001712, furniture ,Paper,Xerox 1948,39.96,4,0.0,17.982,Store
900206,CA-2015-600205,12/24/2014,12/28/2014,Standard Class,DK-12985,Darren Koutras,Consumer,United States,Hendersonville,Tennessee,37075,South,FUR-FU-10000087, furniture ,Furnishings,"Executive Impressions 14"" Two-Color Numerals Wall Clock",72.704,4,0.2,19.0848,Telesales
900207,CA-2015-600206,3/3/2014,3/9/2014,Standard Class,DB-13555,Dorothy Badders,Corporate,United States,Newark,Delaware,19711,East,OFF-EN-10003286, furniture ,Envelopes,Staples,57.96,7,0.0,27.2412,Online
900208,CA-2015-600207,8/27/2014,8/28/2014,First Class,HJ-14875,Heather Jas,Home Office,United States,Detroit,Michigan,48234,Central,OFF-ST-10000344, furniture ,Storage,"Neat Ideas Personal Hanging Folder Files, Black",53.72,4,0.0,13.9672,Telesales
900209,CA-2015-600208,10/31/2014,10/31/2014,Same Day,RA-19945,Ryan Akin,Consumer,United States,Dallas,Texas,75217,Central,FUR-FU-10003849, furniture ,Furnishings,"DAX Metal Frame, Desktop, Stepped-Edge",16.192,2,0.6,-8.5008,Telesales
900210,CA-2015-600209,11/25/2014,11/29/2014,Standard Class,TS-21370,Todd Sumrall,Corporate,United States,New York City,New York,10035,East,FUR-CH-10000785, furniture ,Chairs,Global Ergonomic Managers Chair,977.292,6,0.1,173.7408,Store
900211,CA-2015-600210,10/10/2014,10/15/2014,Standard Class,HG-14845,Harry Greene,Consumer,United States,New York City,New York,10024,East,OFF-BI-10003655, furniture ,Binders,Durable Pressboard Binders,18.24,6,0.2,6.156,Store
900212,CA-2015-600211,9/8/2014,9/10/2014,First Class,AA-10375,Allen Armold,Consumer,United States,Providence,Rhode Island,2908,East,OFF-PA-10002659, furniture ,Paper,Avoid Verbal Orders Carbonless Minifold Book,16.9,5,0.0,7.774,Telesales
900213,CA-2015-600212,12/29/2014,1/2/2015,Standard Class,SV-20935,Susan Vittorini,Consumer,United States,Albuquerque,New Mexico,87105,West,OFF-ST-10003058, furniture ,Storage,Eldon Mobile Mega Data Cart  Mega Stackable  Add-On Trays,118.25,5,0.0,34.2925,Online
900214,CA-2015-600213,12/22/2014,12/28/2014,Standard Class,LP-17095,Liz Preis,Consumer,United States,Lafayette,Indiana,47905,Central,OFF-ST-10004459, furniture ,Storage,Tennsco Single-Tier Lockers,375.34,1,0.0,18.767,Store
900215,CA-2015-600214,6/30/2014,7/3/2014,First Class,DR-12880,Dan Reichenbach,Corporate,United States,Milford,Connecticut,6460,East,FUR-FU-10003976, furniture ,Furnishings,"DAX Executive Solid Wood Document Frame, Desktop or Hang, Mahogany, 5 x 7",25.16,2,0.0,8.5544,Online
900216,CA-2015-600215,6/30/2014,7/1/2014,First Class,WB-21850,William Brown,Consumer,United States,Los Angeles,California,90049,West,OFF-AR-10000255, furniture ,Art,Newell 328,11.68,2,0.0,3.0368,Online
900217,CA-2015-600216,12/9/2014,12/14/2014,Standard Class,JP-15520,Jeremy Pistek,Consumer,United States,Madison,Wisconsin,53711,Central,OFF-AP-10003590, furniture ,Appliances,Hoover WindTunnel Plus Canister Vacuum,1089.75,3,0.0,305.13,Telesales
900218,CA-2015-600217,7/30/2014,8/4/2014,Standard Class,LA-16780,Laura Armstrong,Corporate,United States,Austin,Texas,78745,Central,TEC-PH-10002496, furniture ,Phones,Cisco SPA301,124.792,1,0.2,15.599,Store
900219,CA-2015-600218,9/9/2014,9/12/2014,First Class,BF-11020,Barry Französisch,Corporate,United States,Arlington,Texas,76017,Central,FUR-CH-10003535, furniture ,Chairs,"Global Armless Task Chair, Royal Blue",213.43,5,0.3,-39.637,Telesales
900220,CA-2015-600219,10/28/2014,11/4/2014,Standard Class,SH-19975,Sally Hughsby,Corporate,United States,Dallas,Texas,75081,Central,OFF-EN-10003068, furniture ,Envelopes,#6 3/4 Gummed Flap White Envelopes,15.84,2,0.2,5.544,Telesales
900221,CA-2015-600220,10/13/2014,10/17/2014,Standard Class,MG-17650,Matthew Grinstein,Home Office,United States,Dallas,Texas,75081,Central,TEC-AC-10003033, furniture ,Accessories,Plantronics CS510 - Over-the-Head monaural Wireless Headset System,791.88,3,0.2,128.6805,Store
900222,CA-2015-600221,11/3/2014,11/7/2014,Second Class,AR-10825,Anthony Rawles,Corporate,United States,Columbus,Ohio,43229,East,OFF-SU-10000646, furniture ,Supplies,Premier Automatic Letter Opener,384.592,2,0.2,-81.7258,Store
900223,CA-2015-600222,6/27/2014,7/2/2014,Standard Class,DB-13405,Denny Blanton,Consumer,United States,La Porte,Indiana,46350,Central,FUR-FU-10000293, furniture ,Furnishings,Eldon Antistatic Chair Mats for Low to Medium Pile Carpets,526.45,5,0.0,31.587,Online
900224,CA-2015-600223,6/27/2014,6/28/2014,First Class,TH-21550,Tracy Hopkins,Home Office,United States,Detroit,Michigan,48227,Central,OFF-AR-10003158, furniture ,Art,Fluorescent Highlighters by Dixon,15.92,4,0.0,5.4128,Store
900225,CA-2015-600224,11/19/2014,11/22/2014,First Class,CD-12280,Christina DeMoss,Consumer,United States,Seattle,Washington,98105,West,OFF-BI-10001116, furniture ,Binders,"Wilson Jones 1"" Hanging DublLock Ring Binders",8.448,2,0.2,2.9568,Store
900226,CA-2015-600225,5/2/2014,5/3/2014,First Class,AG-10900,Arthur Gainer,Consumer,United States,Coral Springs,Florida,33065,South,OFF-LA-10004409, furniture ,Labels,Avery 492,4.608,2,0.2,1.4976,Online
900227,CA-2015-600226,9/22/2014,9/24/2014,First Class,ML-18265,Muhammed Lee,Consumer,United States,Seattle,Washington,98103,West,TEC-AC-10000158, furniture ,Accessories,Sony 64GB Class 10 Micro SDHC R40 Memory Card,71.98,2,0.0,15.1158,Telesales
900228,CA-2015-600227,8/30/2014,9/2/2014,First Class,CP-12085,Cathy Prescott,Corporate,United States,Quincy,Illinois,62301,Central,OFF-LA-10004544, furniture ,Labels,Avery 505,47.36,4,0.2,17.76,Telesales
900229,CA-2015-600228,1/27/2014,2/1/2014,Standard Class,BD-11500,Bradley Drucker,Consumer,United States,Columbus,Georgia,31907,South,FUR-FU-10002157, furniture ,Furnishings,Artistic Insta-Plaque,62.72,4,0.0,24.4608,Store
900230,CA-2015-600229,11/11/2014,11/12/2014,First Class,AB-10600,Ann Blume,Corporate,United States,Tucson,Arizona,85705,West,OFF-BI-10001036, furniture ,Binders,Cardinal EasyOpen D-Ring Binders,38.388,14,0.7,-25.592,Telesales
900231,CA-2015-600230,7/21/2014,7/26/2014,Standard Class,EM-13825,Elizabeth Moffitt,Corporate,United States,Sioux Falls,South Dakota,57103,Central,OFF-BI-10000404, furniture ,Binders,Avery Printable Repositionable Plastic Tabs,43.0,5,0.0,20.21,Store
900232,CA-2015-600231,9/10/2014,9/15/2014,Second Class,LC-17050,Liz Carlisle,Consumer,United States,Los Angeles,California,90004,West,OFF-AR-10003829, furniture ,Art,Newell 35,6.56,2,0.0,1.9024,Telesales
900233,CA-2015-600232,5/6/2014,5/7/2014,First Class,LH-17020,Lisa Hazard,Consumer,United States,Louisville,Colorado,80027,West,OFF-BI-10003274, furniture ,Binders,"Avery Durable Slant Ring Binders, No Labels",9.552,8,0.7,-7.3232,Telesales
900234,CA-2015-600233,11/5/2014,11/10/2014,Standard Class,HG-14965,Henry Goldwyn,Corporate,United States,Lancaster,Ohio,43130,East,OFF-ST-10002344, furniture ,Storage,"Carina 42""Hx23 3/4""W Media Storage Unit",194.352,3,0.2,-43.7292,Telesales
900235,CA-2015-600234,4/24/2014,4/30/2014,Standard Class,SK-19990,Sally Knutson,Consumer,United States,New York City,New York,10024,East,OFF-AP-10000026, furniture ,Appliances,Tripp Lite Isotel 6 Outlet Surge Protector with Fax/Modem Protection,121.94,2,0.0,35.3626,Store
900236,CA-2015-600235,6/20/2014,6/24/2014,Standard Class,GA-14515,George Ashbrook,Consumer,United States,San Francisco,California,94109,West,FUR-FU-10002396, furniture ,Furnishings,"DAX Copper Panel Document Frame, 5 x 7 Size",50.32,4,0.0,21.1344,Telesales
900237,CA-2015-600236,12/24/2014,12/28/2014,Standard Class,DK-12985,Darren Koutras,Consumer,United States,Hendersonville,Tennessee,37075,South,OFF-ST-10004123, furniture ,Storage,Safco Industrial Wire Shelving System,218.352,3,0.2,-54.588,Store
900238,CA-2015-600237,12/1/2014,12/4/2014,Second Class,BP-11095,Bart Pistole,Corporate,United States,El Paso,Texas,79907,Central,TEC-AC-10001767, furniture ,Accessories,SanDisk Ultra 64 GB MicroSDHC Class 10 Memory Card,95.976,3,0.2,-10.7973,Online
900239,CA-2015-600238,6/25/2014,7/2/2014,Standard Class,NH-18610,Nicole Hansen,Corporate,United States,Pomona,California,91767,West,OFF-AR-10003514, furniture ,Art,4009 Highlighters by Sanford,35.82,9,0.0,11.8206,Online
900240,CA-2015-600239,11/14/2014,11/18/2014,Second Class,SE-20110,Sanjit Engle,Consumer,United States,Oxnard,California,93030,West,TEC-AC-10000682, furniture ,Accessories,Kensington K72356US Mouse-in-a-Box USB Desktop Mouse,82.95,5,0.0,29.0325,Store
900241,CA-2015-600240,6/30/2014,7/1/2014,First Class,ME-17725,Max Engle,CONSUMER ,United States,Dallas,Texas,75220,Central,OFF-AP-10000240,Office Supplies,Appliances,Belkin F9G930V10-GRY 9 Outlet Surge,21.392,2,0.8,-54.5496,Store
900242,CA-2015-600241,1/30/2014,2/2/2014,First Class,BD-11770,Bryan Davis,CONSUMER ,United States,Philadelphia,Pennsylvania,19120,East,OFF-AR-10002053,Office Supplies,Art,"Premium Writing Pencils, Soft, #2 by Central Association for the Blind",4.768,2,0.2,0.4768,Telesales
900243,CA-2015-600242,10/2/2014,10/9/2014,Standard Class,EB-13840,Ellis Ballard,CONSUMER ,United States,Seattle,Washington,98105,West,OFF-PA-10004530,Office Supplies,Paper,Personal Creations Ink Jet Cards and Labels,91.84,8,0.0,45.0016,Online
900244,CA-2015-600243,8/22/2014,8/29/2014,Standard Class,PK-19075,Pete Kriz,CONSUMER ,United States,New York City,New York,10035,East,OFF-BI-10003476,Office Supplies,Binders,Avery Metallic Poly Binders,32.088,7,0.2,11.2308,Online
900245,CA-2015-600244,4/12/2014,4/17/2014,Standard Class,HM-14980,Henry MacAllister,CONSUMER ,United States,Burlington,North Carolina,27217,South,OFF-AR-10000422,Office Supplies,Art,Pencil and Crayon Sharpener,1.752,1,0.2,0.1533,Online
900246,CA-2015-600245,6/25/2014,7/1/2014,Standard Class,MC-17635,Matthew Clasen,CONSUMER ,United States,Decatur,Illinois,62521,Central,OFF-PA-10000327,Office Supplies,Paper,Xerox 1971,10.272,3,0.2,3.21,Online
900247,CA-2015-600246,7/30/2014,8/4/2014,Standard Class,RF-19735,Roland Fjeld,CONSUMER ,United States,Oklahoma City,Oklahoma,73120,Central,OFF-AP-10002311,Office Supplies,Appliances,"Holmes Replacement Filter for HEPA Air Cleaner, Very Large Room, HEPA Filter",137.62,2,0.0,60.5528,Telesales
900248,CA-2015-600247,6/13/2014,6/19/2014,Standard Class,SB-20170,Sarah Bern,CONSUMER ,United States,New York City,New York,10035,East,OFF-PA-10000697,Office Supplies,Paper,"TOPS Voice Message Log Book, Flash Format",19.04,4,0.0,9.3296,Store
900249,CA-2015-600248,9/29/2014,10/5/2014,Standard Class,BD-11725,Bruce Degenhardt,CONSUMER ,United States,Los Angeles,California,90032,West,FUR-FU-10001706,Furniture,Furnishings,Longer-Life Soft White Bulbs,9.24,3,0.0,4.4352,Telesales
900250,CA-2015-600249,9/4/2014,9/7/2014,Second Class,KB-16405,Katrina Bavinger,CONSUMER ,United States,New York City,New York,10035,East,FUR-CH-10004626,Furniture,Chairs,Office Star Flex Back Scooter Chair with Aluminum Finish Frame,90.801,1,0.1,14.1246,Telesales
900251,CA-2015-600250,7/6/2014,7/11/2014,Standard Class,LS-16945,Linda Southworth,CONSUMER ,United States,Dallas,Texas,75220,Central,OFF-PA-10000232,Office Supplies,Paper,Xerox 1975,15.552,3,0.2,5.6376,Online
900252,CA-2015-600251,9/17/2014,9/19/2014,First Class,AS-10090,Adam Shillingsburg,CONSUMER ,United States,Philadelphia,Pennsylvania,19143,East,FUR-FU-10003832,Furniture,Furnishings,"Eldon Expressions Punched Metal & Wood Desk Accessories, Black & Cherry",22.512,3,0.2,2.2512,Store
900253,CA-2015-600252,11/3/2014,11/6/2014,First Class,NP-18670,Nora Paige,CONSUMER ,United States,Saint Louis,Missouri,63116,Central,OFF-PA-10001838,Office Supplies,Paper,"Adams Telephone Message Book W/Dividers/Space For Phone Numbers, 5 1/4""X8 1/2"", 300/Messages",11.76,2,0.0,5.7624,Store
900254,CA-2015-600253,12/1/2014,12/1/2014,Same Day,ML-17755,Max Ludwig,CONSUMER ,United States,Toledo,Ohio,43615,East,OFF-AP-10003779,Office Supplies,Appliances,Kensington 7 Outlet MasterPiece Power Center with Fax/Phone Line Protection,663.936,4,0.2,82.992,Telesales
900255,CA-2015-600254,7/16/2014,7/20/2014,Standard Class,MM-17260,Magdelene Morse,CONSUMER ,United States,Wilmington,Delaware,19805,East,FUR-TA-10004607,Furniture,Tables,Hon 2111 Invitation Series Straight Table,310.443,3,0.3,-48.7839,Telesales
900256,CA-2015-600255,9/5/2014,9/10/2014,Second Class,MD-17350,Maribeth Dona,CONSUMER ,United States,Akron,Ohio,44312,East,OFF-BI-10001634,Office Supplies,Binders,Wilson Jones Active Use Binders,4.368,2,0.7,-3.0576,Store
900257,CA-2015-600256,8/26/2014,8/30/2014,Standard Class,GA-14725,Guy Armstrong,CONSUMER ,United States,Charlotte,North Carolina,28205,South,OFF-PA-10001790,Office Supplies,Paper,Xerox 1910,192.16,5,0.2,67.256,Store
900258,CA-2015-600257,9/21/2014,9/27/2014,Standard Class,SV-20365,Seth Vernon,CONSUMER ,United States,New York City,New York,10035,East,TEC-AC-10001998,Technology,Accessories,Logitech LS21 Speaker System - PC Multimedia - 2.1-CH - Wired,59.97,3,0.0,20.3898,Store
900259,CA-2015-600258,1/20/2014,1/24/2014,Standard Class,RM-19375,Raymond Messe,CONSUMER ,United States,Burlington,Vermont,5408,East,OFF-EN-10001509,Office Supplies,Envelopes,Poly String Tie Envelopes,2.04,1,0.0,0.9588,Store
900260,CA-2015-600259,8/8/2014,8/9/2014,First Class,CK-12205,Chloris Kastensmidt,CONSUMER ,United States,Dallas,Texas,75081,Central,TEC-AC-10001552,Technology,Accessories,Logitech K350 2.4Ghz Wireless Keyboard,119.448,3,0.2,-13.4379,Telesales
900261,CA-2015-600260,12/27/2014,1/2/2015,Standard Class,KB-16240,Karen Bern,CONSUMER ,United States,Odessa,Texas,79762,Central,OFF-PA-10004285,Office Supplies,Paper,Xerox 1959,16.032,3,0.2,5.6112,Telesales
900262,CA-2015-600261,5/19/2014,5/23/2014,Second Class,PP-18955,Paul Prost,CONSUMER ,United States,Springfield,Missouri,65807,Central,OFF-BI-10001267,Office Supplies,Binders,"Universal Recycled Hanging Pressboard Report Binders, Letter Size",43.19,7,0.0,20.7312,Store
900263,CA-2015-600262,11/3/2014,11/6/2014,Second Class,TB-21175,Thomas Boland,CONSUMER ,United States,Henderson,Kentucky,42420,South,TEC-AC-10004145,Technology,Accessories,Logitech diNovo Edge Keyboard,2249.91,9,0.0,517.4793,Telesales
900264,CA-2015-600263,10/6/2014,10/8/2014,First Class,RB-19795,Ross Baird,CONSUMER ,United States,Denver,Colorado,80219,West,TEC-AC-10001714,Technology,Accessories,Logitech MX Performance Wireless Mouse,63.824,2,0.2,13.5626,Store
900265,CA-2015-600264,4/26/2014,4/30/2014,Standard Class,LH-16750,Larry Hughes,CONSUMER ,United States,Chandler,Arizona,85224,West,OFF-AR-10000246,Office Supplies,Art,Newell 318,8.896,4,0.2,0.6672,Online
900266,CA-2015-600265,6/3/2014,6/7/2014,Standard Class,AB-10255,Alejandro Ballentine,CONSUMER ,United States,Lorain,Ohio,44052,East,OFF-ST-10004507,Office Supplies,Storage,Advantus Rolling Storage Box,27.44,2,0.2,2.401,Online
900267,CA-2015-600266,12/11/2014,12/13/2014,Second Class,BP-11185,Ben Peterman,CONSUMER ,United States,Seattle,Washington,98103,West,TEC-AC-10004510,Technology,Accessories,Logitech Desktop MK120 Mouse and keyboard Combo,49.08,3,0.0,4.908,Telesales
900268,CA-2015-600267,1/31/2014,2/7/2014,Standard Class,LP-17095,Liz Preis,CONSUMER ,United States,Aurora,Illinois,60505,Central,OFF-AR-10003602,Office Supplies,Art,"Quartet Omega Colored Chalk, 12/Pack",9.344,2,0.2,3.1536,Telesales
900269,CA-2015-600268,3/20/2014,3/23/2014,Second Class,SA-20830,Sue Ann Reed,CONSUMER ,United States,Fresno,California,93727,West,OFF-BI-10000343,Office Supplies,Binders,"Pressboard Covers with Storage Hooks, 9 1/2"" x 11"", Light Blue",27.496,7,0.2,9.2799,Store
900270,CA-2015-600269,6/25/2014,6/27/2014,Second Class,GA-14515,George Ashbrook,CONSUMER ,United States,New York City,New York,10011,East,FUR-FU-10003601,Furniture,Furnishings,"Deflect-o RollaMat Studded, Beveled Mat for Medium Pile Carpeting",276.69,3,0.0,49.8042,Store
900271,CA-2015-600270,10/17/2014,10/19/2014,First Class,MY-17380,Maribeth Yedwab,Corporate,United States,New York City,New York,10011,East,FUR-FU-10001290,Furniture,Furnishings,Executive Impressions Supervisor Wall Clock,547.3,13,0.0,175.136,Store
900272,CA-2015-600271,12/25/2014,1/1/2015,Standard Class,JL-15175,James Lanier,Home Office,United States,Chandler,Arizona,85224,West,FUR-FU-10001731,Furniture,Furnishings,Acrylic Self-Standing Desk Frames,8.544,4,0.2,1.9224,Store
900273,CA-2015-600272,9/3/2014,9/7/2014,Standard Class,AC-10615,Ann Chong,Corporate,United States,New York City,New York,10009,East,OFF-AR-10000658,Office Supplies,Art,Newell 324,23.1,2,0.0,6.468,Telesales
900274,CA-2015-600273,4/2/2014,4/6/2014,Standard Class,MS-17365,Maribeth Schnelling,Consumer,United States,San Francisco,California,94110,West,OFF-LA-10003663,Office Supplies,Labels,Avery 498,5.78,2,0.0,2.7166,Telesales
900275,CA-2015-600274,11/30/2014,12/4/2014,Standard Class,TT-21070,Ted Trevino,Consumer,United States,Chattanooga,Tennessee,37421,South,FUR-FU-10004017,Furniture,Furnishings,"Executive Impressions 13"" Chairman Wall Clock",101.52,5,0.2,19.035,Store
900276,CA-2015-600275,11/5/2014,11/5/2014,Same Day,FM-14290,Frank Merwin,Home Office,United States,Bryan,Texas,77803,Central,OFF-BI-10003094,Office Supplies,Binders,Self-Adhesive Ring Binder Labels,1.408,2,0.8,-2.3232,Telesales
900277,CA-2015-600276,5/31/2014,6/4/2014,Standard Class,MG-17890,Michael Granlund,Home Office,United States,Tigard,Oregon,97224,West,FUR-FU-10000820,Furniture,Furnishings,Tensor Brushed Steel Torchiere Floor Lamp,13.592,1,0.2,-0.3398,Online
900278,CA-2015-600277,12/22/2014,12/29/2014,Standard Class,DB-13210,Dean Braden,Consumer,United States,Paterson,New Jersey,7501,East,TEC-PH-10002103,Technology,Phones,Jabra SPEAK 410,281.97,3,0.0,78.9516,Online
900279,CA-2015-600278,1/13/2014,1/18/2014,Second Class,DA-13450,Dianna Arnett,Home Office,United States,Washington,District of Columbia,20016,East,OFF-PA-10001804,Office Supplies,Paper,Xerox 195,40.08,6,0.0,19.2384,Online
900280,CA-2015-600279,8/1/2014,8/6/2014,Standard Class,LS-17200,Luke Schmidt,Corporate,United States,Milwaukee,Wisconsin,53209,Central,OFF-AP-10002472,Office Supplies,Appliances,3M Office Air Cleaner,155.88,6,0.0,54.558,Store
900281,CA-2015-600280,11/4/2014,11/6/2014,First Class,CR-12580,Clay Rozendal,Home Office,United States,San Diego,California,92037,West,TEC-AC-10004469,Technology,Accessories,Microsoft Sculpt Comfort Mouse,199.75,5,0.0,87.89,Telesales
900282,CA-2015-600281,9/23/2014,9/29/2014,Standard Class,DW-13195,David Wiener,Corporate,United States,Albuquerque,New Mexico,87105,West,OFF-PA-10002666,Office Supplies,Paper,Southworth 25% Cotton Linen-Finish Paper & Envelopes,27.18,3,0.0,12.231,Store
900283,CA-2015-600282,12/3/2014,12/7/2014,Standard Class,BS-11380,Bill Stewart,Corporate,United States,Denver,Colorado,80219,West,FUR-FU-10001488,Furniture,Furnishings,"Tenex 46"" x 60"" Computer Anti-Static Chairmat, Rectangular Shaped",508.704,6,0.2,0.0,Store
900284,CA-2015-600283,1/23/2014,1/28/2014,Standard Class,AD-10180,Alan Dominguez,Home Office,United States,Great Falls,Montana,59405,West,OFF-ST-10004507,Office Supplies,Storage,Advantus Rolling Storage Box,51.45,3,0.0,13.8915,Store
900285,CA-2015-600284,9/11/2014,9/11/2014,Same Day,FH-14275,Frank Hawley,Corporate,United States,Los Angeles,California,90004,West,FUR-CH-10002602,Furniture,Chairs,DMI Arturo Collection Mission-style Design Wood Chair,362.352,3,0.2,27.1764,Store
900286,CA-2015-600285,9/5/2014,9/9/2014,Standard Class,RA-19285,Ralph Arnett,Consumer,United States,Los Angeles,California,90004,West,TEC-PH-10002185,Technology,Phones,QVS USB Car Charger 2-Port 2.1Amp for iPod/iPhone/iPad/iPad 2/iPad 3,5.56,1,0.2,1.7375,Store
900287,CA-2015-600286,10/24/2014,10/29/2014,Second Class,DM-13015,Darrin Martin,Consumer,United States,San Antonio,Texas,78207,Central,TEC-PH-10002824,Technology,Phones,Jabra SPEAK 410 Multidevice Speakerphone,823.96,5,0.2,51.4975,Store
900288,CA-2015-600287,12/3/2014,12/7/2014,Standard Class,BS-11380,Bill Stewart,Corporate,United States,Denver,Colorado,80219,West,FUR-BO-10003546,Furniture,Bookcases,Hon 4-Shelf Metal Bookcases,242.352,8,0.7,-363.528,Telesales
900289,CA-2015-600288,10/13/2014,10/15/2014,First Class,NK-18490,Neil Knudson,Home Office,United States,San Francisco,California,94110,West,TEC-AC-10003709,Technology,Accessories,Maxell 4.7GB DVD-R 5/Pack,0.99,1,0.0,0.4356,Telesales
900290,CA-2015-600289,9/4/2013,9/10/2013,Standard Class,CS-11950,Carlos Soltero,Consumer,United States,Chicago,Illinois,60610,Central,OFF-BI-10004236,Office Supplies,Binders,"XtraLife ClearVue Slant-D Ring Binder, White, 3""",9.2484,3,0.0,-15.7223,Store
900291,CA-2015-600290,8/14/2014,8/21/2014,Standard Class,MK-17905,Michael Kennedy,Corporate,United States,San Diego,California,92037,West,OFF-BI-10000069,Office Supplies,Binders,"GBC Prepunched Paper, 19-Hole, for Binding Systems, 24-lb",36.024,3,0.2,11.7078,Store
900292,CA-2015-600291,6/2/2014,6/4/2014,First Class,FH-14350,Fred Harton,Consumer,United States,Dublin,Ohio,43017,East,OFF-PA-10000682,Office Supplies,Paper,Xerox 1924,27.744,6,0.2,10.0572,Online
900293,CA-2015-600292,5/15/2014,5/16/2014,First Class,GT-14710,Greg Tran,Consumer,United States,Houston,Texas,77041,Central,TEC-PH-10004071,Technology,Phones,PayAnywhere Card Reader,7.992,1,0.2,0.6993,Telesales
900294,CA-2015-600293,7/6/2014,7/11/2014,Standard Class,LS-16945,Linda Southworth,Corporate,United States,Dallas,Texas,75220,Central,OFF-BI-10003429,Office Supplies,Binders,"Cardinal HOLDit! Binder Insert Strips,Extra Strips",11.394,9,0.8,-17.6607,Telesales
900295,CA-2015-600294,6/4/2014,6/8/2014,Standard Class,HK-14890,Heather Kirkland,Corporate,United States,Franklin,Tennessee,37064,South,FUR-FU-10002960,Furniture,Furnishings,"Eldon 200 Class Desk Accessories, Burgundy",35.168,7,0.2,9.6712,Telesales
900296,CA-2015-600295,1/1/2014,1/7/2014,Standard Class,EP-13915,Emily Phan,Consumer,United States,Jacksonville,Florida,32216,South,OFF-PA-10002250,Office Supplies,Paper,Things To Do Today Pad,23.48,5,0.2,8.218,Online
900297,CA-2015-600296,5/30/2014,6/5/2014,Standard Class,ML-17410,Maris LaWare,Consumer,United States,Columbus,Indiana,47201,Central,OFF-AP-10001564,Office Supplies,Appliances,Hoover Commercial Lightweight Upright Vacuum with E-Z Empty Dirt Cup,465.16,2,0.0,120.9416,Online
900298,CA-2015-600297,9/5/2014,9/10/2014,Second Class,MD-17350,Maribeth Dona,Consumer,United States,Akron,Ohio,44312,East,OFF-BI-10004001,Office Supplies,Binders,GBC Recycled VeloBinder Covers,25.56,5,0.7,-20.448,Store
900299,CA-2015-600298,10/21/2014,10/28/2014,Standard Class,IG-15085,Ivan Gibson,Consumer,United States,Little Rock,Arkansas,72209,South,OFF-PA-10001019,Office Supplies,Paper,Xerox 1884,39.96,2,0.0,18.7812,Telesales
900300,CA-2015-600299,5/10/2014,5/12/2014,First Class,LB-16795,Laurel Beltran,Home Office,United States,Seattle,Washington,98105,West,OFF-BI-10004330,Office Supplies,Binders,"GBC Velobind Prepunched Cover Sets, Regency Series",147.92,5,0.2,46.225,Telesales
900301,CA-2015-600300,5/9/2014,5/13/2014,Standard Class,MD-17350,Maribeth Dona,Consumer,United States,Columbus,Ohio,43229,East,FUR-CH-10004540,Furniture,Chairs,Global Chrome Stack Chair,47.992,2,0.3,-2.0568,Store
900302,CA-2015-600301,3/24/2014,3/26/2014,First Class,RB-19360,Raymond Buch,Consumer,United States,Seattle,Washington,98115,West,TEC-CO-10004722,Technology,Copiers,Canon imageCLASS 2200 Advanced Copier,13999.96,4,0.0,6719.9808,Telesales
900303,CA-2015-600302,9/19/2014,9/23/2014,Standard Class,SS-20140,Saphhira Shifley,Corporate,United States,Columbus,Georgia,31907,South,OFF-AR-10000380,Office Supplies,Art,"Hunt PowerHouse Electric Pencil Sharpener, Blue",113.94,3,0.0,34.182,Store
900304,CA-2015-600303,6/17/2014,6/19/2014,Second Class,CS-12355,Christine Sundaresam,Consumer,United States,Dublin,Ohio,43017,East,OFF-AR-10001427,Office Supplies,Art,Newell 330,23.92,5,0.2,1.794,Telesales
900305,CA-2015-600304,10/2/2014,10/3/2014,First Class,NS-18505,Neola Schneider,Consumer,United States,San Jose,California,95123,West,OFF-AP-10000576,Office Supplies,Appliances,"Belkin 325VA UPS Surge Protector, 6'",241.96,2,0.0,60.49,Telesales
900306,CA-2015-600305,6/17/2014,6/20/2014,First Class,TS-21610,Troy Staebel,Consumer,United States,San Francisco,California,94122,West,OFF-PA-10001776,Office Supplies,Paper,"Wirebound Message Books, Four 2 3/4"" x 5"" Forms per Page, 600 Sets per Book",18.54,2,0.0,8.7138,Store
900307,CA-2015-600306,11/7/2014,11/7/2014,Same Day,FM-14290,Frank Merwin,Home Office,United States,San Francisco,California,94122,West,OFF-PA-10000157,Office Supplies,Paper,Xerox 191,59.94,3,0.0,28.1718,Online
900308,CA-2015-600307,8/14/2014,8/19/2014,Standard Class,DC-12850,Dan Campbell,Consumer,United States,Memphis,Tennessee,38109,South,OFF-EN-10003845,Office Supplies,Envelopes,Colored Envelopes,14.76,5,0.2,4.797,Store
900309,CA-2015-600308,10/10/2014,10/11/2014,First Class,EB-14170,Evan Bailliet,Consumer,United States,Wilmington,North Carolina,28403,South,OFF-PA-10002659,Office Supplies,Paper,Avoid Verbal Orders Carbonless Minifold Book,10.816,4,0.2,3.5152,Online
900310,CA-2015-600309,9/13/2014,9/16/2014,First Class,JM-15535,Jessica Myrick,Consumer,United States,Los Angeles,California,90036,West,FUR-FU-10004270,Furniture,Furnishings,"Eldon Image Series Desk Accessories, Burgundy",8.36,2,0.0,3.0096,Telesales
900311,CA-2015-600310,6/16/2014,6/23/2014,Standard Class,TD-20995,Tamara Dahlen,Consumer,United States,Quincy,Illinois,62301,Central,OFF-AR-10001954,Office Supplies,Art,Newell 331,19.56,5,0.2,1.7115,Store
900312,CA-2015-600311,11/14/2014,11/16/2014,First Class,SB-20290,Sean Braxton,Corporate,United States,Springfield,Ohio,45503,East,TEC-MA-10002210,Technology,Machines,Epson TM-T88V Direct Thermal Printer - Monochrome - Desktop,652.995,7,0.7,-935.9595,Online
900313,CA-2015-600312,11/18/2014,11/22/2014,Standard Class,RA-19885,Ruben Ausman,Corporate,United States,Athens,Georgia,30605,South,TEC-PH-10004006,Technology,Phones,Panasonic KX - TS880B Telephone,206.1,5,0.0,55.647,Telesales
900314,CA-2015-600313,9/21/2014,9/27/2014,Standard Class,SV-20365,Seth Vernon,Consumer,United States,New York City,New York,10035,East,TEC-AC-10002647,Technology,Accessories,"Logitech Wireless Boombox Speaker - portable - wireless, wired",212.8,2,0.0,95.76,Store
900315,CA-2015-600314,8/22/2014,8/29/2014,Standard Class,GT-14710,Greg Tran,Consumer,United States,Lakeville,Minnesota,55044,Central,OFF-FA-10002280,Office Supplies,Fasteners,Advantus Plastic Paper Clips,35.0,7,0.0,16.8,Store
900316,CA-2015-600315,8/25/2014,8/27/2014,Second Class,DM-13015,Darrin Martin,Consumer,United States,Lancaster,Ohio,43130,East,OFF-PA-10002195,Office Supplies,Paper,Xerox 1966,10.368,2,0.2,3.7584,Online
900317,CA-2015-600316,9/16/2014,9/20/2014,Standard Class,BB-11545,Brenda Bowman,Corporate,United States,Houston,Texas,77070,Central,OFF-PA-10002230,Office Supplies,Paper,Xerox 1897,31.872,8,0.2,11.5536,Online
900318,CA-2015-600317,11/22/2014,11/26/2014,Standard Class,BF-11005,Barry Franz,Home Office,United States,Pasadena,California,91104,West,OFF-AP-10001492,Office Supplies,Appliances,"Acco Six-Outlet Power Strip, 4' Cord Length",8.62,1,0.0,2.2412,Online
900319,CA-2015-600318,4/29/2014,5/3/2014,Standard Class,MC-17605,Matt Connell,Corporate,United States,Philadelphia,Pennsylvania,19143,East,OFF-ST-10001325,Office Supplies,Storage,Sterilite Officeware Hinged File Box,8.384,1,0.2,0.7336,Store
900320,CA-2015-600319,9/10/2014,9/15/2014,Standard Class,SO-20335,Sean O'Donnell,Consumer,United States,Columbia,Tennessee,38401,South,FUR-FU-10000023,Furniture,Furnishings,Eldon Wave Desk Accessories,14.136,3,0.2,4.2408,Telesales
900321,CA-2015-600320,6/27/2014,7/4/2014,Standard Class,CC-12220,Chris Cortes,Consumer,United States,Philadelphia,Pennsylvania,19143,East,TEC-PH-10000673,Technology,Phones,Plantronics Voyager Pro HD - Bluetooth Headset,545.916,14,0.4,72.7888,Online
900322,CA-2015-600321,10/3/2014,10/7/2014,Standard Class,CM-12115,Chad McGuire,Consumer,United States,San Francisco,California,94109,West,FUR-FU-10001424,Furniture,Furnishings,Dax Clear Box Frame,17.46,2,0.0,5.9364,Store
900323,CA-2015-600322,5/16/2014,5/21/2014,Standard Class,JF-15295,Jason Fortune-,Consumer,United States,Seattle,Washington,98103,West,FUR-CH-10002017,Furniture,Chairs,SAFCO Optional Arm Kit for Workspace Cribbage Stacking Chair,42.624,2,0.2,4.2624,Telesales
900324,CA-2015-600323,9/20/2014,9/25/2014,Standard Class,JM-15535,Jessica Myrick,Consumer,United States,New York City,New York,10011,East,OFF-PA-10004782,Office Supplies,Paper,Xerox 228,32.4,5,0.0,15.552,Telesales
900325,CA-2015-600324,12/5/2014,12/10/2014,Standard Class,CB-12415,Christy Brittain,Consumer,United States,Chicago,Illinois,60610,Central,OFF-ST-10000532,Office Supplies,Storage,Advantus Rolling Drawer Organizers,61.568,2,0.2,4.6176,Online
900326,CA-2015-600325,11/14/2014,11/19/2014,Second Class,TC-21295,Toby Carlisle,Consumer,United States,Jupiter,Florida,33458,South,OFF-AR-10002335,Office Supplies,Art,DIXON Oriole Pencils,2.064,1,0.2,0.1548,Store
900327,CA-2015-600326,3/5/2014,3/7/2014,Second Class,TT-21460,Tonja Turnell,Home Office,United States,Houston,Texas,77095,Central,FUR-FU-10004848,Furniture,Furnishings,"Howard Miller 13-3/4"" Diameter Brushed Chrome Round Wall Clock",103.5,5,0.6,-77.625,Online
900328,CA-2015-600327,7/4/2014,7/8/2014,Standard Class,RD-19585,Rob Dowd,Consumer,United States,Plano,Texas,75023,Central,TEC-PH-10002726,Technology,Phones,netTALK DUO VoIP Telephone Service,167.968,4,0.2,62.988,Online
900329,CA-2015-600328,10/21/2014,10/23/2014,Second Class,JE-16165,Justin Ellison,Corporate,United States,Woodland,California,95695,West,OFF-BI-10001787,Office Supplies,Binders,Wilson Jones Four-Pocket Poly Binders,20.928,4,0.2,7.5864,Store
900330,CA-2015-600329,2/16/2013,2/20/2013,Standard Class,JF-15565,Jill Fjeld,Consumer,United States,New York City,New York,10024,East,FUR-CH-10001802,Furniture,Chairs,Hon Every-Day Chair Series Swivel Task Chairs,342.9783,3,0.0,41.9196,Online
900331,CA-2015-600330,9/12/2014,9/16/2014,Standard Class,DB-12910,Daniel Byrd,Home Office,United States,Columbus,Georgia,31907,South,OFF-PA-10003656,Office Supplies,Paper,Xerox 1935,184.66,7,0.0,84.9436,Telesales
900332,CA-2015-600331,5/1/2014,5/6/2014,Standard Class,DJ-13510,Don Jones,Corporate,United States,San Francisco,California,94110,West,FUR-FU-10000222,Furniture,Furnishings,"Seth Thomas 16"" Steel Case Clock",64.96,2,0.0,21.4368,Store
900333,CA-2015-600332,10/13/2014,10/17/2014,Standard Class,MG-17650,Matthew Grinstein,Home Office,United States,Dallas,Texas,75081,Central,TEC-PH-10002085,Technology,Phones,Clarity 53712,369.544,7,0.2,27.7158,Telesales
900334,CA-2015-600333,9/8/2014,9/8/2014,Same Day,TG-21640,Trudy Glocke,Consumer,United States,Saint Charles,Missouri,63301,Central,TEC-AC-10002473,Technology,Accessories,Maxell 4.7GB DVD-R,113.52,4,0.0,46.5432,Store
900335,CA-2015-600334,12/14/2014,12/14/2014,Same Day,MW-18220,Mitch Webber,Consumer,United States,Seattle,Washington,98103,West,OFF-ST-10001325,Office Supplies,Storage,Sterilite Officeware Hinged File Box,31.44,3,0.0,8.4888,Telesales
900336,CA-2015-600335,9/8/2014,9/11/2014,First Class,PF-19225,Phillip Flathmann,Consumer,United States,Edmonds,Washington,98026,West,OFF-AR-10004260,Office Supplies,Art,Boston 1799 Powerhouse Electric Pencil Sharpener,25.98,1,0.0,7.2744,Online
900337,CA-2015-600336,7/17/2014,7/22/2014,Standard Class,VM-21685,Valerie Mitchum,Home Office,United States,Woodstock,Illinois,60098,Central,OFF-AR-10003759,Office Supplies,Art,"Crayola Anti Dust Chalk, 12/Pack",2.912,2,0.2,0.91,Store
900338,CA-2015-600337,1/3/2014,1/5/2014,First Class,AS-10045,Aaron Smayling,Corporate,United States,Jacksonville,North Carolina,28540,South,OFF-BI-10000474,Office Supplies,Binders,Avery Recycled Flexi-View Covers for Binding Systems,28.854,6,0.7,-21.1596,Telesales
900339,CA-2015-600338,11/17/2014,11/22/2014,Standard Class,EK-13795,Eileen Kiefer,Home Office,United States,Escondido,California,92025,West,OFF-AR-10000255,Office Supplies,Art,Newell 328,23.36,4,0.0,6.0736,Store
900340,CA-2015-600339,6/16/2014,6/20/2014,Standard Class,JE-15715,Joe Elijah,Consumer,United States,Monroe,North Carolina,28110,South,FUR-CH-10000847,Furniture,Chairs,Global Executive Mid-Back Manager's Chair,698.352,3,0.2,52.3764,Online
900341,CA-2015-600340,5/7/2014,5/12/2014,Standard Class,ML-17755,Max Ludwig,Home Office,United States,Chicago,Illinois,60623,Central,OFF-AR-10004752,Office Supplies,Art,Blackstonian Pencils,6.408,3,0.2,0.6408,Store
900342,CA-2015-600341,9/1/2014,9/6/2014,Standard Class,JF-15490,Jeremy Farry,Consumer,United States,Tempe,Arizona,85281,West,OFF-ST-10000344,Office Supplies,Storage,"Neat Ideas Personal Hanging Folder Files, Black",10.744,1,0.2,0.8058,Telesales
900343,CA-2015-600342,8/12/2014,8/14/2014,Second Class,DR-12940,Daniel Raglin,Home Office,United States,Lake Charles,Louisiana,70601,South,OFF-BI-10000632,Office Supplies,Binders,Satellite Sectional Post Binders,477.51,11,0.0,219.6546,Telesales
900344,CA-2015-600343,10/2/2014,10/7/2014,Standard Class,TN-21040,Tanja Norvell,Home Office,United States,San Francisco,California,94110,West,TEC-AC-10004708,Technology,Accessories,Sony 32GB Class 10 Micro SDHC R40 Memory Card,104.75,5,0.0,21.9975,Telesales
900345,CA-2015-600344,12/6/2014,12/10/2014,Standard Class,AB-10165,Alan Barnes,Consumer,United States,Bellevue,Washington,98006,West,OFF-BI-10001617,Office Supplies,Binders,GBC Wire Binding Combs,24.816,3,0.2,8.3754,Online
900346,CA-2015-600345,9/16/2014,9/22/2014,Standard Class,ES-14020,Erica Smith,Consumer,United States,Los Angeles,California,90049,West,TEC-PH-10001700,Technology,Phones,Panasonic KX-TG6844B Expandable Digital Cordless Telephone,369.544,7,0.2,32.3351,Online
900347,CA-2015-600346,2/17/2014,2/22/2014,Standard Class,JS-16030,Joy Smith,Consumer,United States,Decatur,Illinois,62521,Central,FUR-CH-10004063,Furniture,Chairs,Global Deluxe High-Back Manager's Chair,600.558,3,0.3,-8.5794,Online
900348,CA-2015-600347,9/24/2014,9/29/2014,Standard Class,LC-16870,Lena Cacioppo,Consumer,United States,Chicago,Illinois,60653,Central,OFF-AP-10000390,Office Supplies,Appliances,Euro Pro Shark Stick Mini Vacuum,73.176,6,0.8,-197.5752,Telesales
900349,CA-2015-600348,10/6/2014,10/11/2014,Standard Class,GG-14650,Greg Guthrie,Corporate,United States,Chico,California,95928,West,TEC-PH-10000702,Technology,Phones,"Square Credit Card Reader, 4 1/2"" x 4 1/2"" x 1"", White",7.992,1,0.2,2.6973,Telesales
900350,CA-2015-600349,11/14/2014,11/19/2014,Standard Class,TT-21070,Ted Trevino,Consumer,United States,Seattle,Washington,98103,West,OFF-LA-10001613,Office Supplies,Labels,Avery File Folder Labels,8.64,3,0.0,4.2336,Store
900351,CA-2015-600350,4/17/2014,4/21/2014,Standard Class,JE-15745,Joel Eaton,Consumer,United States,San Jose,California,95123,West,OFF-ST-10004804,Office Supplies,Storage,"Belkin 19"" Vented Equipment Shelf, Black",205.92,4,0.0,2.0592,Online
900352,CA-2015-600351,12/29/2014,1/2/2015,Standard Class,SV-20935,Susan Vittorini,Consumer,United States,Albuquerque,New Mexico,87105,West,OFF-PA-10004239,Office Supplies,Paper,Xerox 1953,4.28,1,0.0,1.926,Store
900353,CA-2015-600352,10/3/2014,10/6/2014,First Class,Dp-13240,Dean percer,Home Office,United States,Knoxville,Tennessee,37918,South,FUR-FU-10002364,Furniture,Furnishings,"Eldon Expressions Wood Desk Accessories, Oak",11.808,2,0.2,1.3284,Store
900354,CA-2015-600353,9/8/2014,9/10/2014,First Class,Dp-13240,Dean percer,Home Office,United States,Phoenix,Arizona,85023,West,OFF-BI-10003291,Office Supplies,Binders,Wilson Jones Leather-Like Binders with DublLock Round Rings,7.857,3,0.7,-6.0237,Telesales
900355,CA-2015-600354,9/3/2014,9/8/2014,Second Class,TB-21055,Ted Butterfield,Consumer,United States,Meriden,Connecticut,6450,East,OFF-PA-10000157,Office Supplies,Paper,Xerox 191,79.92,4,0.0,37.5624,Store
900356,CA-2015-600355,12/23/2014,12/28/2014,Second Class,JG-15310,Jason Gross,Corporate,United States,Providence,Rhode Island,2908,East,OFF-SU-10003505,Office Supplies,Supplies,Premier Electric Letter Opener,695.16,6,0.0,34.758,Telesales
900357,CA-2015-600356,12/26/2014,12/31/2014,Standard Class,SV-20935,Susan Vittorini,Consumer,United States,Fairfield,Ohio,45014,East,OFF-BI-10000632,Office Supplies,Binders,Satellite Sectional Post Binders,13.023,1,0.7,-10.4184,Online
900358,CA-2015-600357,12/16/2014,12/20/2014,Standard Class,KM-16660,Khloe Miller,Consumer,United States,Inglewood,California,90301,West,OFF-PA-10004569,Office Supplies,Paper,"Wirebound Message Books, Two 4 1/4"" x 5"" Forms per Page",22.83,3,0.0,10.7301,Store
900359,CA-2015-600358,7/22/2014,7/26/2014,Standard Class,SW-20455,Shaun Weien,Consumer,United States,San Diego,California,92024,West,OFF-PA-10003205,Office Supplies,Paper,"Wirebound Message Forms, Four 2 3/4 x 5 Forms per Page, Pink Paper",16.34,2,0.0,7.6798,Online
900360,CA-2015-600359,8/21/2014,8/23/2014,Second Class,GM-14500,Gene McClure,Consumer,United States,Fresno,California,93727,West,OFF-BI-10002867,Office Supplies,Binders,GBC Recycled Regency Composition Covers,239.12,5,0.2,77.714,Online
900361,CA-2015-600360,7/22/2014,7/26/2014,Second Class,AR-10825,Anthony Rawles,Corporate,United States,Concord,California,94521,West,OFF-AR-10003469,Office Supplies,Art,Nontoxic Chalk,3.52,2,0.0,1.6896,Telesales
900362,CA-2015-600361,6/12/2014,6/14/2014,Second Class,TB-21400,Tom Boeckenhauer,Consumer,United States,Seattle,Washington,98103,West,TEC-MA-10001570,Technology,Machines,Cisco Desktop Collaboration Experience DX650 IP Video Phone,385.8,5,0.2,130.2075,Online
900363,CA-2015-600362,9/24/2014,9/30/2014,Standard Class,DB-13660,Duane Benoit,Consumer,United States,Los Angeles,California,90036,West,OFF-PA-10003641,Office Supplies,Paper,Xerox 1909,211.04,8,0.0,97.0784,Telesales
900364,CA-2015-600363,9/16/2014,9/18/2014,Second Class,CL-11890,Carl Ludwig,Consumer,United States,Everett,Massachusetts,2149,East,OFF-BI-10001765,Office Supplies,Binders,Wilson Jones Heavy-Duty Casebound Ring Binders with Metal Hinges,242.48,7,0.0,116.3904,Telesales
900365,CA-2015-600364,6/5/2014,6/11/2014,Standard Class,LW-16990,Lindsay Williams,Corporate,United States,Monroe,North Carolina,28110,South,FUR-FU-10001967,Furniture,Furnishings,Telescoping Adjustable Floor Lamp,31.984,2,0.2,1.999,Telesales
900366,CA-2015-600365,4/25/2014,5/1/2014,Standard Class,AF-10870,Art Ferguson,Consumer,United States,Chicago,Illinois,60610,Central,OFF-ST-10004123,Office Supplies,Storage,Safco Industrial Wire Shelving System,72.784,1,0.2,-18.196,Online
900367,CA-2015-600366,8/8/2014,8/12/2014,Second Class,FM-14380,Fred McMath,Consumer,United States,Jacksonville,North Carolina,28540,South,TEC-AC-10004571,Technology,Accessories,Logitech G700s Rechargeable Gaming Mouse,79.992,1,0.2,21.9978,Store
900368,CA-2015-600367,11/20/2014,11/20/2014,Same Day,AP-10720,Anne Pryor,Home Office,United States,New York City,New York,10011,East,FUR-TA-10001676,Furniture,Tables,Hon 61000 Series Interactive Training Tables,79.974,3,0.4,-29.3238,Online
900369,CA-2015-600368,12/9/2014,12/13/2014,Standard Class,KH-16510,Keith Herrera,Consumer,United States,San Francisco,California,94110,West,OFF-LA-10003766,Office Supplies,Labels,Self-Adhesive Removable Labels,28.35,9,0.0,13.608,Store
900370,CA-2015-600369,1/13/2014,1/18/2014,Second Class,DA-13450,Dianna Arnett,Home Office,United States,Washington,District of Columbia,20016,East,OFF-PA-10001804,Office Supplies,Paper,Xerox 195,40.08,6,0.0,19.2384,Online
900371,CA-2015-600370,6/18/2014,6/22/2014,Second Class,PF-19165,Philip Fox,Consumer,United States,Olympia,Washington,98502,West,FUR-FU-10004848,Furniture,Furnishings,"Howard Miller 13-3/4"" Diameter Brushed Chrome Round Wall Clock",155.25,3,0.0,46.575,Telesales
900372,CA-2015-600371,11/3/2014,11/7/2014,Standard Class,KH-16630,Ken Heidel,Corporate,United States,Seattle,Washington,98105,West,OFF-PA-10000791,Office Supplies,Paper,"Wirebound Message Books, Four 2 3/4 x 5 Forms per Page, 200 Sets per Book",23.85,5,0.0,10.7325,Online
900373,CA-2015-600372,9/3/2013,9/7/2013,Standard Class,LR-16915,Lena Radford,Consumer,United States,Los Angeles,California,90036,West,FUR-TA-10001539,Furniture,Tables,Chromcraft Rectangular Conference Tables,597.1644,3,0.0,29.8582,Store
900374,CA-2015-600373,11/14/2014,11/19/2014,Second Class,ME-17320,Maria Etezadi,Home Office,United States,Houston,Texas,77095,Central,OFF-AP-10004868,Office Supplies,Appliances,Hoover Commercial Soft Guard Upright Vacuum And Disposable Filtration Bags,9.324,6,0.8,-24.7086,Online
900375,CA-2015-600374,9/9/2014,9/15/2014,Standard Class,DB-13555,Dorothy Badders,Corporate,United States,Dublin,Ohio,43017,East,TEC-AC-10002558,Technology,Accessories,Imation Swivel Flash Drive USB flash drive - 8 GB,9.096,1,0.2,1.7055,Telesales
900376,CA-2015-600375,4/5/2014,4/11/2014,Standard Class,PS-19045,Penelope Sewall,Home Office,United States,New York City,New York,10011,East,OFF-EN-10001532,Office Supplies,Envelopes,Brown Kraft Recycled Envelopes,16.98,1,0.0,8.49,Telesales
900377,CA-2015-600376,8/7/2014,8/13/2014,Standard Class,GM-14455,Gary Mitchum,Home Office,United States,Concord,New Hampshire,3301,East,OFF-AR-10000380,Office Supplies,Art,"Hunt PowerHouse Electric Pencil Sharpener, Blue",227.88,6,0.0,68.364,Store
900378,CA-2015-600377,9/24/2014,9/30/2014,Standard Class,AP-10915,Arthur Prichep,Consumer,United States,Fort Collins,Colorado,80525,West,FUR-BO-10001811,Furniture,Bookcases,"Atlantic Metals Mobile 5-Shelf Bookcases, Custom Colors",180.588,2,0.7,-240.784,Online
900379,CA-2015-600378,10/8/2014,10/12/2014,Standard Class,MG-18145,Mike Gockenbach,Consumer,United States,Los Angeles,California,90045,West,TEC-AC-10002049,Technology,Accessories,Logitech G19 Programmable Gaming Keyboard,1115.91,9,0.0,200.8638,Online
900380,CA-2015-600379,10/3/2014,10/5/2014,Second Class,SC-20695,Steve Chapman,Corporate,United States,Houston,Texas,77041,Central,OFF-AP-10004708,Office Supplies,Appliances,Fellowes Superior 10 Outlet Split Surge Protector,15.224,2,0.8,-38.8212,Store
900381,CA-2015-600380,9/14/2014,9/20/2014,Standard Class,SG-20605,Speros Goranitis,Consumer,United States,Asheville,North Carolina,28806,South,OFF-AR-10003158,Office Supplies,Art,Fluorescent Highlighters by Dixon,15.92,5,0.2,2.786,Store
900382,CA-2015-600381,12/24/2014,12/26/2014,Second Class,JB-15400,Jennifer Braxton,Corporate,United States,Rockford,Illinois,61107,Central,OFF-BI-10004002,Office Supplies,Binders,Wilson Jones International Size A4 Ring Binders,13.84,4,0.8,-22.144,Store
900383,CA-2015-600382,6/17/2014,6/22/2014,Standard Class,AB-10255,Alejandro Ballentine,Home Office,United States,Carlsbad,New Mexico,88220,West,OFF-PA-10001246,Office Supplies,Paper,Xerox 215,19.44,3,0.0,9.3312,Telesales
900384,CA-2015-600383,3/17/2014,3/19/2014,Second Class,VM-21685,Valerie Mitchum,Home Office,United States,Seattle,Washington,98105,West,OFF-ST-10004180,Office Supplies,Storage,Safco Commercial Shelving,46.51,1,0.0,1.8604,Telesales
900385,CA-2015-600384,10/13/2014,10/13/2014,Same Day,SM-20320,Sean Miller,Home Office,United States,Monroe,North Carolina,28110,South,OFF-PA-10003919,Office Supplies,Paper,Xerox 1989,7.968,2,0.2,2.6892,Telesales
900386,CA-2015-600385,3/13/2014,3/18/2014,Standard Class,KB-16585,Ken Black,Corporate,United States,Lowell,Massachusetts,1852,East,TEC-PH-10004700,Technology,Phones,PowerGen Dual USB Car Charger,69.93,7,0.0,32.1678,Telesales
900387,CA-2015-600386,11/13/2014,11/13/2014,Same Day,EM-14140,Eugene Moren,Home Office,United States,Glendale,Arizona,85301,West,TEC-AC-10001266,Technology,Accessories,Memorex Micro Travel Drive 8 GB,41.6,4,0.2,13.0,Telesales
900388,CA-2015-600387,12/10/2014,12/13/2014,Second Class,JL-15835,John Lee,Consumer,United States,Richmond,Kentucky,40475,South,OFF-AP-10000159,Office Supplies,Appliances,Belkin F9M820V08 8 Outlet Surge,214.9,5,0.0,62.321,Store
900389,CA-2015-600388,11/21/2014,11/23/2014,First Class,CD-11920,Carlos Daly,Consumer,United States,New York City,New York,10035,East,TEC-PH-10001459,Technology,Phones,Samsung Galaxy Mega 6.3,1259.97,3,0.0,327.5922,Telesales
900390,CA-2015-600389,10/22/2014,10/28/2014,Standard Class,JB-15400,Jennifer Braxton,Corporate,United States,Milwaukee,Wisconsin,53209,Central,OFF-BI-10003460,Office Supplies,Binders,Acco 3-Hole Punch,21.9,5,0.0,10.512,Store
900391,CA-2015-600390,10/3/2014,10/6/2014,First Class,Dp-13240,Dean percer,Home Office,United States,Knoxville,Tennessee,37918,South,OFF-BI-10003984,Office Supplies,Binders,Lock-Up Easel 'Spel-Binder',34.236,4,0.7,-26.2476,Online
900392,CA-2015-600391,10/10/2014,10/12/2014,First Class,XP-21865,Xylona Preis,Consumer,United States,Los Angeles,California,90032,West,OFF-PA-10001745,Office Supplies,Paper,"Wirebound Message Books, 2 7/8"" x 5"", 3 Forms per Page",35.2,5,0.0,16.544,Online
900393,CA-2015-600392,9/9/2014,9/12/2014,First Class,BF-11020,Barry Französisch,Corporate,United States,Arlington,Texas,76017,Central,OFF-FA-10004854,Office Supplies,Fasteners,"Vinyl Coated Wire Paper Clips in Organizer Box, 800/Box",45.92,5,0.2,15.498,Online
900394,CA-2015-600393,5/20/2014,5/20/2014,Same Day,JC-15775,John Castell,Consumer,United States,Atlanta,Georgia,30318,South,OFF-PA-10003129,Office Supplies,Paper,Tops White Computer Printout Paper,195.64,4,0.0,91.9508,Store
900395,CA-2015-600394,10/10/2014,10/15/2014,Standard Class,HG-14845,Harry Greene,Consumer,United States,New York City,New York,10024,East,FUR-BO-10003034,Furniture,Bookcases,"O'Sullivan Elevations Bookcase, Cherry Finish",314.352,3,0.2,-15.7176,Store
900396,CA-2015-600395,5/3/2014,5/7/2014,Standard Class,DD-13570,Dorothy Dickinson,Consumer,United States,Los Angeles,California,90049,West,OFF-AR-10001615,Office Supplies,Art,Newell 34,59.52,3,0.0,15.4752,Telesales
900397,CA-2015-600396,11/15/2014,11/19/2014,Standard Class,XP-21865,Xylona Preis,Consumer,United States,Pasadena,Texas,77506,Central,OFF-AR-10003582,Office Supplies,Art,"Boston Electric Pencil Sharpener, Model 1818, Charcoal Black",45.04,2,0.2,4.504,Store
900398,CA-2015-600397,12/17/2014,12/21/2014,Second Class,KM-16225,Kalyca Meade,Corporate,United States,Sunnyvale,California,94086,West,TEC-AC-10000358,Technology,Accessories,Imation Secure Drive + Hardware Encrypted USB flash drive - 16 GB,189.95,5,0.0,45.588,Store
900399,CA-2015-600398,11/13/2014,11/13/2014,Same Day,EM-14140,Eugene Moren,Home Office,United States,Glendale,Arizona,85301,West,FUR-CH-10004875,Furniture,Chairs,Harbour Creations 67200 Series Stacking Chairs,113.888,2,0.2,9.9652,Telesales
900400,CA-2015-600399,4/22/2014,4/24/2014,First Class,JM-15250,Janet Martin,Consumer,United States,Baltimore,Maryland,21215,East,FUR-CH-10004218,Furniture,Chairs,"Global Fabric Manager's Chair, Dark Gray",908.82,9,0.0,227.205,Store
900401,CA-2015-600400,3/28/2014,4/2/2014,Standard Class,CJ-12010,Caroline Jumper,Consumer,United States,Houston,Texas,77070,Central,FUR-CH-10001714,Furniture,Chairs,"Global Leather & Oak Executive Chair, Burgundy",211.246,2,0.3,-66.3916,Telesales
900402,CA-2015-600401,10/3/2014,10/8/2014,Standard Class,FG-14260,Frank Gastineau,Home Office,United States,Seattle,Washington,98105,West,TEC-PH-10003800,Technology,Phones,i.Sound Portable Power - 8000 mAh,84.784,2,0.2,-20.1362,Telesales
900403,CA-2015-600402,10/3/2014,10/6/2014,First Class,Dp-13240,Dean percer,Home Office,United States,Knoxville,Tennessee,37918,South,OFF-BI-10000977,Office Supplies,Binders,Ibico Plastic Spiral Binding Combs,27.36,3,0.7,-21.888,Online
900404,CA-2015-600403,9/8/2014,9/9/2014,First Class,JM-16195,Justin MacKendrick,Consumer,United States,Draper,Utah,84020,West,TEC-PH-10002807,Technology,Phones,Motorla HX550 Universal Bluetooth Headset,126.56,4,0.2,47.46,Store
900405,CA-2015-600404,9/11/2014,9/16/2014,Second Class,RW-19690,Robert Waldorf,Consumer,United States,Springfield,Missouri,65807,Central,OFF-AP-10004785,Office Supplies,Appliances,"Holmes Replacement Filter for HEPA Air Cleaner, Medium Room",33.99,3,0.0,14.6157,Store
900406,CA-2015-600405,9/23/2014,9/27/2014,Second Class,JA-15970,Joseph Airdo,Consumer,United States,Philadelphia,Pennsylvania,19134,East,TEC-AC-10002926,Technology,Accessories,Logitech Wireless Marathon Mouse M705,79.984,2,0.2,22.9954,Store
900407,CA-2015-600406,4/2/2014,4/6/2014,Standard Class,MS-17365,Maribeth Schnelling,Consumer,United States,San Francisco,California,94110,West,OFF-BI-10001294,Office Supplies,Binders,Fellowes Binding Cases,121.68,13,0.2,38.025,Online
900408,CA-2015-600407,8/18/2014,8/25/2014,Standard Class,RW-19540,Rick Wilson,Corporate,United States,Brentwood,California,94513,West,TEC-PH-10002564,Technology,Phones,OtterBox Defender Series Case - Samsung Galaxy S4,71.976,3,0.2,8.997,Store
900409,CA-2015-600408,12/18/2014,12/22/2014,Second Class,LC-17140,Logan Currie,Consumer,United States,Dallas,Texas,75220,Central,OFF-AP-10003217,Office Supplies,Appliances,Eureka Sanitaire  Commercial Upright,66.284,2,0.8,-178.9668,Online
900410,CA-2015-600409,12/6/2014,12/9/2014,Second Class,BF-11080,Bart Folk,Consumer,United States,New York City,New York,10024,East,OFF-PA-10000007,Office Supplies,Paper,"Telephone Message Books with Fax/Mobile Section, 4 1/4"" x 6""",21.6,6,0.0,9.936,Store
900411,CA-2015-600410,12/25/2014,12/28/2014,First Class,NS-18505,Neola Schneider,Consumer,United States,Dallas,Texas,75220,Central,OFF-ST-10000585,Office Supplies,Storage,Economy Rollaway Files,264.32,2,0.2,19.824,Online
900412,CA-2015-600411,7/22/2014,7/22/2014,Same Day,SF-20200,Sarah Foster,Consumer,United States,Murray,Utah,84107,West,TEC-PH-10004071,Technology,Phones,PayAnywhere Card Reader,71.928,9,0.2,6.2937,Store
900413,CA-2015-600412,2/20/2014,2/21/2014,First Class,ED-13885,Emily Ducich,Home Office,United States,Los Angeles,California,90045,West,FUR-FU-10004018,Furniture,Furnishings,Tensor Computer Mounted Lamp,44.67,3,0.0,12.0609,Telesales
900414,CA-2015-600413,8/22/2014,8/26/2014,Standard Class,SC-20845,Sung Chung,Consumer,United States,Louisville,Colorado,80027,West,OFF-ST-10000036,Office Supplies,Storage,"Recycled Data-Pak for Archival Bound Computer Printouts, 12-1/2 x 12-1/2 x 16",237.096,3,0.2,20.7459,Store
900415,CA-2015-600414,11/28/2014,12/3/2014,Standard Class,JR-16210,Justin Ritter,Corporate,United States,Columbus,Indiana,47201,Central,OFF-BI-10004519,Office Supplies,Binders,GBC DocuBind P100 Manual Binding Machine,497.94,3,0.0,224.073,Store
900416,CA-2015-600415,9/30/2014,10/6/2014,Standard Class,AS-10630,Ann Steele,Home Office,United States,Pasadena,Texas,77506,Central,TEC-MA-10003066,Technology,Machines,Wasp CCD Handheld Bar Code Reader,336.51,3,0.4,44.868,Store
900417,CA-2015-600416,9/22/2014,9/28/2014,Standard Class,DL-12865,Dan Lawera,Consumer,United States,Miami,Florida,33142,South,OFF-BI-10002794,Office Supplies,Binders,"Avery Trapezoid Ring Binder, 3"" Capacity, Black, 1040 sheets",12.294,1,0.7,-8.6058,Telesales
900418,CA-2015-600417,7/12/2014,7/19/2014,Standard Class,KB-16240,Karen Bern,Corporate,United States,Los Angeles,California,90049,West,OFF-AP-10003040,Office Supplies,Appliances,Fellowes 8 Outlet Superior Workstation Surge Protector w/o Phone/Fax/Modem Protection,168.1,5,0.0,43.706,Store
900419,CA-2015-600418,5/31/2014,6/4/2014,Second Class,KT-16480,Kean Thornton,Consumer,United States,Dallas,Texas,75217,Central,FUR-BO-10001811,Furniture,Bookcases,"Atlantic Metals Mobile 5-Shelf Bookcases, Custom Colors",204.6664,1,0.32,-6.0196,Online
900420,CA-2015-600419,5/19/2014,5/23/2014,Standard Class,BM-11575,Brendan Murry,Corporate,United States,Chicago,Illinois,60653,Central,FUR-FU-10001918,Furniture,Furnishings,C-Line Cubicle Keepers Polyproplyene Holder With Velcro Backings,1.892,1,0.6,-0.9933,Online
900421,CA-2015-600420,8/14/2014,8/14/2014,Same Day,JK-15370,Jay Kimmel,Consumer,United States,San Francisco,California,94122,West,OFF-AP-10004249,Office Supplies,Appliances,Staples,83.79,7,0.0,22.6233,Online
900422,CA-2015-600421,5/29/2014,6/2/2014,Standard Class,AM-10360,Alice McCarthy,Corporate,United States,Cleveland,Ohio,44105,East,OFF-PA-10002464,Office Supplies,Paper,HP Office Recycled Paper (20Lb. and 87 Bright),13.872,3,0.2,5.0286,Telesales
900423,CA-2015-600422,7/9/2014,7/13/2014,Standard Class,HE-14800,Harold Engle,Corporate,United States,Newark,Delaware,19711,East,OFF-AR-10001419,Office Supplies,Art,Newell 325,28.91,7,0.0,8.673,Telesales
900424,CA-2015-600423,11/27/2014,11/30/2014,First Class,GT-14755,Guy Thornton,Consumer,United States,Rockford,Illinois,61107,Central,OFF-BI-10001524,Office Supplies,Binders,GBC Premium Transparent Covers with Diagonal Lined Pattern,33.568,8,0.8,-53.7088,Online
900425,CA-2015-600424,12/9/2014,12/11/2014,Second Class,DL-13315,Delfina Latchford,Consumer,United States,New York City,New York,10035,East,OFF-PA-10003172,Office Supplies,Paper,Xerox 1996,19.44,3,0.0,9.3312,Telesales
900426,CA-2015-600425,10/23/2014,10/23/2014,Same Day,BD-11620,Brian DeCherney,Consumer,United States,Lawton,Oklahoma,73505,Central,FUR-TA-10003748,Furniture,Tables,Bevis 36 x 72 Conference Tables,248.98,2,0.0,54.7756,Store
900427,CA-2015-600426,8/22/2014,8/26/2014,Second Class,CM-11815,Candace McMahon,Corporate,United States,Seattle,Washington,98115,West,OFF-ST-10000025,Office Supplies,Storage,Fellowes Stor/Drawer Steel Plus Storage Drawers,572.58,6,0.0,34.3548,Telesales
900428,CA-2015-600427,1/22/2014,1/28/2014,Standard Class,MH-18115,Mick Hernandez,Home Office,United States,Jackson,Michigan,49201,Central,OFF-BI-10000546,Office Supplies,Binders,Avery Durable Binders,14.4,5,0.0,7.056,Online
900429,CA-2015-600428,9/8/2014,9/11/2014,First Class,PF-19225,Phillip Flathmann,Consumer,United States,Edmonds,Washington,98026,West,TEC-PH-10002033,Technology,Phones,Konftel 250 Conference phone - Charcoal black,455.712,2,0.2,34.1784,Telesales
900430,CA-2015-600429,9/21/2014,9/27/2014,Standard Class,SV-20365,Seth Vernon,Consumer,United States,New York City,New York,10035,East,TEC-PH-10002885,Technology,Phones,Apple iPhone 5,1299.66,2,0.0,350.9082,Telesales
900431,CA-2015-600430,10/11/2014,10/17/2014,Standard Class,SW-20245,Scot Wooten,Consumer,United States,Aurora,Illinois,60505,Central,FUR-CH-10001545,Furniture,Chairs,Hon Comfortask Task/Swivel Chairs,239.358,3,0.3,-47.8716,Telesales
900432,CA-2015-600431,12/22/2014,12/22/2014,Same Day,RB-19465,Rick Bensley,Home Office,United States,Fremont,Nebraska,68025,Central,FUR-FU-10001940,Furniture,Furnishings,Staples,15.92,2,0.0,7.0048,Telesales
900433,CA-2015-600432,12/17/2014,12/24/2014,Standard Class,RD-19810,Ross DeVincentis,Home Office,United States,Rochester,New York,14609,East,OFF-BI-10001628,Office Supplies,Binders,"Acco Data Flex Cable Posts For Top & Bottom Load Binders, 6"" Capacity",33.376,4,0.2,10.43,Online
900434,CA-2015-600433,5/30/2014,6/5/2014,Standard Class,ML-17410,Maris LaWare,Consumer,United States,Columbus,Indiana,47201,Central,OFF-PA-10004082,Office Supplies,Paper,"Adams Telephone Message Book w/Frequently-Called Numbers Space, 400 Messages per Book",7.98,1,0.0,3.99,Store
900435,CA-2015-600434,5/20/2014,5/22/2014,Second Class,BC-11125,Becky Castell,Home Office,United States,San Francisco,California,94109,West,OFF-AR-10000122,Office Supplies,Art,Newell 314,5.58,1,0.0,1.395,Online
900436,CA-2015-600435,7/23/2014,7/28/2014,Standard Class,EB-13930,Eric Barreto,Consumer,United States,Chicago,Illinois,60653,Central,FUR-CH-10004997,Furniture,Chairs,Hon Every-Day Series Multi-Task Chairs,526.344,4,0.3,-75.192,Store
900437,CA-2015-600436,11/24/2014,11/28/2014,Standard Class,CM-12385,Christopher Martinez,Consumer,United States,Chicago,Illinois,60610,Central,FUR-FU-10004909,Furniture,Furnishings,Contemporary Wood/Metal Frame,6.464,1,0.6,-4.04,Telesales
900438,CA-2015-600437,3/20/2014,3/23/2014,Second Class,SA-20830,Sue Ann Reed,Consumer,United States,Fresno,California,93727,West,OFF-BI-10001553,Office Supplies,Binders,SpineVue Locking Slant-D Ring Binders by Cardinal,14.624,2,0.2,5.1184,Store
900439,CA-2015-600438,11/19/2014,11/22/2014,First Class,CD-12280,Christina DeMoss,Consumer,United States,Seattle,Washington,98105,West,TEC-AC-10003832,Technology,Accessories,Imation 16GB Mini TravelDrive USB 2.0 Flash Drive,132.52,4,0.0,54.3332,Store
900440,CA-2015-600439,7/24/2014,7/25/2014,First Class,PO-19180,Philisse Overcash,Home Office,United States,Kenosha,Wisconsin,53142,Central,TEC-AC-10000736,Technology,Accessories,Logitech G600 MMO Gaming Mouse,399.95,5,0.0,143.982,Store
900441,CA-2015-600440,12/30/2014,1/3/2015,Standard Class,BS-11755,Bruce Stewart,Consumer,United States,Edmonds,Washington,98026,West,FUR-FU-10004093,Furniture,Furnishings,Hand-Finished Solid Wood Document Frame,68.46,2,0.0,20.538,Online
900442,CA-2015-600441,10/8/2014,10/13/2014,Standard Class,DB-13210,Dean Braden,Consumer,United States,Detroit,Michigan,48234,Central,OFF-ST-10001837,Office Supplies,Storage,"SAFCO Mobile Desk Side File, Wire Frame",85.52,2,0.0,22.2352,Online
900443,CA-2015-600442,11/3/2014,11/7/2014,Standard Class,TH-21115,Thea Hudgings,Corporate,United States,Philadelphia,Pennsylvania,19140,East,OFF-AP-10001962,Office Supplies,Appliances,Black & Decker Filter for Double Action Dustbuster Cordless Vac BLDV7210,20.136,3,0.2,1.2585,Telesales
900444,CA-2015-600443,3/27/2014,4/3/2014,Standard Class,ML-18040,Michelle Lonsdale,Corporate,United States,Dearborn,Michigan,48126,Central,FUR-FU-10004245,Furniture,Furnishings,"Career Cubicle Clock, 8 1/4"", Black",60.84,3,0.0,23.1192,Online
900445,CA-2015-600444,3/10/2014,3/14/2014,Standard Class,LW-16990,Lindsay Williams,Corporate,United States,San Francisco,California,94110,West,TEC-AC-10001908,Technology,Accessories,Logitech Wireless Headset h800,199.98,2,0.0,69.993,Store
900446,CA-2015-600445,11/18/2014,11/22/2014,Standard Class,KH-16330,Katharine Harms,Corporate,United States,Hillsboro,Oregon,97123,West,OFF-PA-10003205,Office Supplies,Paper,"Wirebound Message Forms, Four 2 3/4 x 5 Forms per Page, Pink Paper",19.608,3,0.2,6.6177,Store
900447,CA-2015-600446,11/7/2014,11/12/2014,Standard Class,ML-17410,Maris LaWare,Consumer,United States,Philadelphia,Pennsylvania,19143,East,FUR-CH-10003774,Furniture,Chairs,"Global Wood Trimmed Manager's Task Chair, Khaki",127.372,2,0.3,-30.9332,Store
900448,CA-2015-600447,5/20/2014,5/24/2014,Standard Class,AT-10735,Annie Thurman,Consumer,United States,Seattle,Washington,98115,West,OFF-AP-10001563,Office Supplies,Appliances,Belkin Premiere Surge Master II 8-outlet surge protector,97.16,2,0.0,28.1764,Online
900449,CA-2015-600448,9/10/2014,9/16/2014,Standard Class,SB-20290,Sean Braxton,Corporate,United States,Florence,South Carolina,29501,South,OFF-ST-10002214,Office Supplies,Storage,X-Rack File for Hanging Folders,56.45,5,0.0,14.677,Telesales
900450,CA-2015-600449,7/6/2014,7/11/2014,Standard Class,LS-16945,Linda Southworth,Corporate,United States,Dallas,Texas,75220,Central,OFF-PA-10002195,Office Supplies,Paper,Xerox 1966,31.104,6,0.2,11.2752,Online
900451,CA-2015-600450,8/19/2014,8/24/2014,Second Class,NG-18355,Nat Gilpin,Corporate,United States,New York City,New York,10011,East,FUR-FU-10000521,Furniture,Furnishings,"Seth Thomas 14"" Putty-Colored Wall Clock",88.02,3,0.0,27.2862,Telesales
900452,CA-2015-600451,8/22/2014,8/23/2014,First Class,PR-18880,Patrick Ryan,Consumer,United States,Oakland,California,94601,West,OFF-BI-10000962,Office Supplies,Binders,"Acco Flexible ACCOHIDE Square Ring Data Binder, Dark Blue, 11 1/2"" X 14"" 7/8""",117.144,9,0.2,42.4647,Store
900453,CA-2015-600452,10/17/2014,10/22/2014,Standard Class,AJ-10780,Anthony Jacobs,Corporate,United States,Scottsdale,Arizona,85254,West,OFF-PA-10000062,Office Supplies,Paper,Green Bar Computer Printout Paper,307.776,7,0.2,111.5688,Store
900454,CA-2015-600453,11/26/2014,11/30/2014,Second Class,EB-13750,Edward Becker,Corporate,United States,Laguna Niguel,California,92677,West,TEC-PH-10004071,Technology,Phones,PayAnywhere Card Reader,39.96,5,0.2,3.4965,Telesales
900455,CA-2015-600454,12/23/2014,12/28/2014,Standard Class,SG-20080,Sandra Glassco,Consumer,United States,Independence,Missouri,64055,Central,OFF-AP-10001058,Office Supplies,Appliances,Sanyo 2.5 Cubic Foot Mid-Size Office Refrigerators,839.43,3,0.0,218.2518,Store
900456,CA-2015-600455,10/1/2014,10/4/2014,First Class,CS-11845,Cari Sayre,Corporate,United States,Seattle,Washington,98103,West,OFF-AP-10001626,Office Supplies,Appliances,"Commercial WindTunnel Clean Air Upright Vacuum, Replacement Belts, Filtration Bags",3.89,1,0.0,1.0114,Store
900457,CA-2015-600456,12/22/2014,12/26/2014,Standard Class,BN-11515,Bradley Nguyen,Consumer,United States,Los Angeles,California,90049,West,OFF-AR-10001246,Office Supplies,Art,Newell 317,5.88,2,0.0,1.7052,Online
900458,CA-2015-600457,10/13/2011,10/15/2011,First Class,ZC-21910,Zuschuss Carroll,Consumer,United States,Edmonds,Washington,98026,West,TEC-AC-10001101,Technology,Accessories,Sony 16GB Class 10 Micro SDHC R40 Memory Card,27.069,2,0.0,2.7069,Telesales
900459,CA-2015-600458,11/4/2014,11/10/2014,Standard Class,DL-12925,Daniel Lacy,Consumer,United States,Eagan,Minnesota,55122,Central,OFF-LA-10001771,Office Supplies,Labels,Avery 513,14.94,3,0.0,6.8724,Telesales
900460,CA-2015-600459,10/9/2014,10/15/2014,Standard Class,CS-12250,Chris Selesnick,Corporate,United States,San Diego,California,92105,West,OFF-ST-10002301,Office Supplies,Storage,Tennsco Commercial Shelving,40.68,2,0.0,0.4068,Store
900461,CA-2015-600460,3/26/2014,4/1/2014,Standard Class,JD-16150,Justin Deggeller,Corporate,United States,Milwaukee,Wisconsin,53209,Central,FUR-CH-10004675,Furniture,Chairs,"Lifetime Advantage Folding Chairs, 4/Carton",1526.56,7,0.0,427.4368,Telesales
900462,CA-2015-600461,9/22/2014,9/26/2014,Standard Class,DB-13615,Doug Bickford,Consumer,United States,San Francisco,California,94109,West,OFF-PA-10004082,Office Supplies,Paper,"Adams Telephone Message Book w/Frequently-Called Numbers Space, 400 Messages per Book",55.86,7,0.0,27.93,Telesales
900463,CA-2015-600462,5/15/2014,5/19/2014,Standard Class,AH-10465,Amy Hunt,Consumer,United States,New York City,New York,10035,East,TEC-PH-10002834,Technology,Phones,Google Nexus 5,539.97,3,0.0,134.9925,Telesales
900464,CA-2015-600463,8/8/2014,8/12/2014,Standard Class,JL-15505,Jeremy Lonsdale,Consumer,United States,Westminster,California,92683,West,OFF-PA-10001970,Office Supplies,Paper,Xerox 1881,24.56,2,0.0,11.5432,Telesales
900465,CA-2015-600464,4/11/2014,4/15/2014,Second Class,MG-18205,Mitch Gastineau,Corporate,United States,Jacksonville,Florida,32216,South,OFF-BI-10003712,Office Supplies,Binders,"Acco Pressboard Covers with Storage Hooks, 14 7/8"" x 11"", Light Blue",4.419,3,0.7,-3.0933,Store
900466,CA-2015-600465,9/11/2014,9/16/2014,Second Class,RW-19690,Robert Waldorf,Consumer,United States,Springfield,Missouri,65807,Central,OFF-ST-10000025,Office Supplies,Storage,Fellowes Stor/Drawer Steel Plus Storage Drawers,286.29,3,0.0,17.1774,Telesales
900467,CA-2015-600466,11/12/2014,11/17/2014,Standard Class,GA-14725,Guy Armstrong,Consumer,United States,Los Angeles,California,90036,West,OFF-AP-10003971,Office Supplies,Appliances,Belkin 6 Outlet Metallic Surge Strip,10.89,1,0.0,2.8314,Store
900468,CA-2015-600467,9/3/2014,9/7/2014,Standard Class,AC-10615,Ann Chong,Corporate,United States,New York City,New York,10009,East,TEC-PH-10003885,Technology,Phones,Cisco SPA508G,197.97,3,0.0,57.4113,Telesales
900469,CA-2015-600468,3/4/2014,3/9/2014,Standard Class,BT-11395,Bill Tyler,Corporate,United States,Los Angeles,California,90004,West,FUR-TA-10001520,Furniture,Tables,"Lesro Sheffield Collection Coffee Table, End Table, Center Table, Corner Table",399.672,7,0.2,-14.9877,Online
900470,CA-2015-600469,3/7/2014,3/11/2014,Standard Class,BF-11170,Ben Ferrer,Home Office,United States,San Francisco,California,94109,West,OFF-BI-10004182,Office Supplies,Binders,Economy Binders,14.976,9,0.2,5.4288,Telesales
900471,CA-2015-600470,5/31/2014,6/1/2014,First Class,BD-11725,Bruce Degenhardt,Consumer,United States,Lafayette,Louisiana,70506,South,FUR-BO-10000330,Furniture,Bookcases,"Sauder Camden County Barrister Bookcase, Planked Cherry Finish",241.96,2,0.0,33.8744,Online
900472,CA-2015-600471,6/13/2014,6/15/2014,Second Class,TS-21610,Troy Staebel,Consumer,United States,Chicago,Illinois,60610,Central,FUR-FU-10002364,Furniture,Furnishings,"Eldon Expressions Wood Desk Accessories, Oak",8.856,3,0.6,-6.8634,Online
900473,CA-2015-600472,3/14/2014,3/16/2014,First Class,SC-20380,Shahid Collister,Consumer,United States,Fairfield,Connecticut,6824,East,OFF-BI-10002353,Office Supplies,Binders,GBC VeloBind Cover Sets,30.88,2,0.0,15.44,Online
900474,CA-2015-600473,11/20/2014,11/24/2014,Standard Class,JD-16150,Justin Deggeller,Corporate,United States,New York City,New York,10011,East,OFF-EN-10001415,Office Supplies,Envelopes,Staples,16.74,3,0.0,8.37,Telesales
900475,CA-2015-600474,5/1/2014,5/6/2014,Standard Class,TC-21475,Tony Chapman,Home Office,United States,Danville,Illinois,61832,Central,OFF-BI-10001575,Office Supplies,Binders,GBC Linen Binding Covers,43.372,7,0.8,-69.3952,Telesales
900476,CA-2015-600475,3/31/2014,3/31/2014,Same Day,TB-21400,Tom Boeckenhauer,Consumer,United States,Los Angeles,California,90036,West,TEC-PH-10002447,Technology,Phones,AT&T CL83451 4-Handset Telephone,164.792,1,0.2,18.5391,Store
900477,CA-2015-600476,9/23/2014,9/24/2014,First Class,JE-15745,Joel Eaton,Consumer,United States,Fayetteville,Arkansas,72701,South,TEC-AC-10004633,Technology,Accessories,"Verbatim 25 GB 6x Blu-ray Single Layer Recordable Disc, 3/Pack",34.95,5,0.0,15.378,Telesales
900478,CA-2015-600477,11/3/2014,11/8/2014,Second Class,SR-20425,Sharelle Roach,Home Office,United States,Springfield,Ohio,45503,East,FUR-CH-10001973,Furniture,Chairs,Office Star Flex Back Scooter Chair with White Frame,155.372,2,0.3,-35.5136,Online
900479,CA-2015-600478,8/18/2014,8/25/2014,Standard Class,RW-19540,Rick Wilson,Corporate,United States,Brentwood,California,94513,West,OFF-BI-10004230,Office Supplies,Binders,GBC Recycled Grain Textured Covers,221.056,8,0.2,77.3696,Store
900480,CA-2015-600479,5/31/2014,6/4/2014,Standard Class,MG-17890,Michael Granlund,Home Office,United States,Tigard,Oregon,97224,West,TEC-PH-10001619,Technology,Phones,LG G3,156.792,1,0.2,17.6391,Online
900481,CA-2015-600480,11/20/2014,11/22/2014,First Class,SC-20770,Stewart Carmichael,Corporate,United States,San Antonio,Texas,78207,Central,FUR-TA-10002622,Furniture,Tables,"Bush Andora Conference Table, Maple/Graphite Gray Finish",718.116,6,0.3,-71.8116,Telesales
900482,CA-2015-600481,7/19/2014,7/24/2014,Standard Class,SV-20365,Seth Vernon,Consumer,United States,Philadelphia,Pennsylvania,19134,East,OFF-SU-10004768,Office Supplies,Supplies,Acme Kleencut Forged Steel Scissors,9.184,2,0.2,1.148,Telesales
900483,CA-2015-600482,12/11/2014,12/18/2014,Standard Class,BP-11185,Ben Peterman,Corporate,United States,San Diego,California,92037,West,OFF-BI-10001097,Office Supplies,Binders,Avery Hole Reinforcements,19.936,4,0.2,7.2268,Telesales
900484,CA-2015-600483,9/12/2014,9/12/2014,Same Day,JF-15415,Jennifer Ferguson,Consumer,United States,Seattle,Washington,98105,West,OFF-PA-10004101,Office Supplies,Paper,Xerox 1894,71.28,11,0.0,34.2144,Online
900485,CA-2015-600484,1/17/2014,1/17/2014,Same Day,JO-15145,Jack O'Briant,Corporate,United States,Los Angeles,California,90008,West,FUR-FU-10001487,Furniture,Furnishings,"Eldon Expressions Wood and Plastic Desk Accessories, Cherry Wood",27.92,4,0.0,8.0968,Telesales
900486,CA-2015-600485,12/2/2014,12/6/2014,Standard Class,CC-12550,Clay Cheatham,Consumer,United States,Los Angeles,California,90008,West,OFF-BI-10003429,Office Supplies,Binders,"Cardinal HOLDit! Binder Insert Strips,Extra Strips",10.128,2,0.2,3.6714,Online
900487,CA-2015-600486,5/14/2014,5/18/2014,Standard Class,BM-11650,Brian Moss,Corporate,United States,Columbus,Indiana,47201,Central,TEC-PH-10002310,Technology,Phones,Plantronics Calisto P620-M USB Wireless Speakerphone System,587.97,3,0.0,158.7519,Telesales
900488,CA-2015-600487,4/25/2014,5/1/2014,Standard Class,AF-10870,Art Ferguson,Consumer,United States,Chicago,Illinois,60610,Central,OFF-BI-10001628,Office Supplies,Binders,"Acco Data Flex Cable Posts For Top & Bottom Load Binders, 6"" Capacity",10.43,5,0.8,-18.2525,Online
900489,CA-2015-600488,4/7/2014,4/11/2014,Standard Class,CS-12175,Charles Sheldon,Corporate,United States,Chattanooga,Tennessee,37421,South,OFF-BI-10003669,Office Supplies,Binders,3M Organizer Strips,8.1,5,0.7,-5.94,Store
900490,CA-2015-600489,9/3/2014,9/9/2014,Standard Class,JS-15595,Jill Stevenson,Corporate,United States,Chicago,Illinois,60653,Central,OFF-FA-10002280,Office Supplies,Fasteners,Advantus Plastic Paper Clips,16.0,4,0.2,5.6,Store
900491,CA-2015-600490,10/6/2014,10/9/2014,Second Class,PO-19195,Phillina Ober,Home Office,United States,New York City,New York,10011,East,OFF-BI-10004492,Office Supplies,Binders,Tuf-Vin Binders,75.792,3,0.2,25.5798,Store
900492,CA-2015-600491,9/23/2014,9/27/2014,Second Class,JA-15970,Joseph Airdo,Consumer,United States,Philadelphia,Pennsylvania,19134,East,OFF-BI-10002498,Office Supplies,Binders,Clear Mylar Reinforcing Strips,5.607,1,0.7,-4.2987,Store
900493,CA-2015-600492,10/3/2014,10/9/2014,Standard Class,PV-18985,Paul Van Hugh,Home Office,United States,Los Angeles,California,90036,West,OFF-ST-10003716,Office Supplies,Storage,Tennsco Double-Tier Lockers,1575.14,7,0.0,204.7682,Online
900494,CA-2015-600493,8/4/2014,8/7/2014,First Class,TB-21055,Ted Butterfield,Consumer,United States,Fairfield,Ohio,45014,East,OFF-LA-10004484,Office Supplies,Labels,Avery 476,16.52,5,0.2,5.369,Online
900495,CA-2015-600494,12/5/2014,12/10/2014,Standard Class,MS-17980,Michael Stewart,Corporate,United States,Philadelphia,Pennsylvania,19134,East,FUR-CH-10004540,Furniture,Chairs,Global Chrome Stack Chair,239.96,10,0.3,-10.284,Store
900496,CA-2015-600495,9/24/2014,9/29/2014,Standard Class,LC-16870,Lena Cacioppo,Consumer,United States,Chicago,Illinois,60653,Central,TEC-PH-10004188,Technology,Phones,OtterBox Commuter Series Case - Samsung Galaxy S4,39.984,2,0.2,-8.9964,Online
900497,CA-2015-600496,11/8/2014,11/13/2014,Standard Class,TS-21505,Tony Sayre,Consumer,United States,San Francisco,California,94122,West,OFF-BI-10002982,Office Supplies,Binders,Avery Self-Adhesive Photo Pockets for Polaroid Photos,21.792,4,0.2,7.6272,Online
900498,CA-2015-600497,5/16/2014,5/19/2014,Second Class,JA-15970,Joseph Airdo,Consumer,United States,Phoenix,Arizona,85023,West,TEC-PH-10002923,Technology,Phones,"Logitech B530 USB Headset - headset - Full size, Binaural",29.592,1,0.2,2.5893,Store
900499,CA-2015-600498,9/24/2014,10/1/2014,Standard Class,BS-11755,Bruce Stewart,Consumer,United States,San Francisco,California,94122,West,OFF-AP-10001242,Office Supplies,Appliances,APC 7 Outlet Network SurgeArrest Surge Protector,160.96,2,0.0,48.288,Online
900500,CA-2015-600499,3/6/2014,3/6/2014,Same Day,JD-16060,Julia Dunbar,Consumer,United States,Rochester,Minnesota,55901,Central,OFF-FA-10002763,Office Supplies,Fasteners,Advantus Map Pennant Flags and Round Head Tacks,7.9,2,0.0,2.528,Online
900501,CA-2015-600500,5/7/2014,5/12/2014,Standard Class,ML-17755,Max Ludwig,Home Office,United States,Chicago,Illinois,60623,Central,TEC-AC-10004659,Technology,Accessories,Imation Secure+ Hardware Encrypted USB 2.0 Flash Drive; 16GB,408.744,7,0.2,76.6395,Online
900502,CA-2015-600501,9/16/2014,9/20/2014,Standard Class,RD-19480,Rick Duston,Consumer,United States,San Francisco,California,94122,West,OFF-BI-10004528,Office Supplies,Binders,Cardinal Poly Pocket Divider Pockets for Ring Binders,2.688,1,0.2,0.84,Online
900503,CA-2015-600502,10/16/2014,10/20/2014,Second Class,RS-19420,Ricardo Sperren,Corporate,United States,Fairfield,Connecticut,6824,East,OFF-LA-10001045,Office Supplies,Labels,Permanent Self-Adhesive File Folder Labels for Typewriters by Universal,13.05,5,0.0,6.003,Telesales
900504,CA-2015-600503,5/21/2014,5/23/2014,Second Class,NC-18340,Nat Carroll,Consumer,United States,Fargo,North Dakota,58103,Central,OFF-FA-10001843,Office Supplies,Fasteners,Staples,7.41,3,0.0,3.4827,Store
900505,CA-2015-600504,12/4/2014,12/7/2014,Second Class,LC-16870,Lena Cacioppo,Consumer,United States,Thornton,Colorado,80229,West,FUR-FU-10004351,Furniture,Furnishings,Staples,23.376,3,0.2,7.0128,Online
900506,CA-2015-600505,12/17/2014,12/21/2014,Second Class,KM-16225,Kalyca Meade,Corporate,United States,Sunnyvale,California,94086,West,OFF-BI-10003196,Office Supplies,Binders,Accohide Poly Flexible Ring Binders,5.984,2,0.2,2.244,Online
900507,CA-2015-600506,6/21/2014,6/27/2014,Standard Class,JE-15475,Jeremy Ellison,Consumer,United States,New Rochelle,New York,10801,East,TEC-AC-10000927,Technology,Accessories,Anker Ultrathin Bluetooth Wireless Keyboard Aluminum Cover with Stand ,149.95,5,0.0,14.995,Store
900508,CA-2015-600507,1/13/2014,1/17/2014,Standard Class,LS-16945,Linda Southworth,Corporate,United States,San Francisco,California,94110,West,OFF-EN-10002621,Office Supplies,Envelopes,Staples,9.78,1,0.0,4.89,Telesales
900509,CA-2015-600508,4/11/2014,4/15/2014,Second Class,MG-18205,Mitch Gastineau,Corporate,United States,Jacksonville,Florida,32216,South,FUR-FU-10003829,Furniture,Furnishings,Stackable Trays,12.32,5,0.2,1.848,Store
900510,CA-2015-600509,3/17/2014,3/17/2014,Same Day,SP-20920,Susan Pistek,Consumer,United States,Columbus,Ohio,43229,East,OFF-BI-10004654,Office Supplies,Binders,Avery Binding System Hidden Tab Executive Style Index Sets,5.193,3,0.7,-3.462,Store
900511,CA-2015-600510,2/21/2014,2/28/2014,Standard Class,KM-16375,Katherine Murray,Home Office,United States,Gilbert,Arizona,85234,West,FUR-FU-10002253,Furniture,Furnishings,"Howard Miller 13"" Diameter Pewter Finish Round Wall Clock",68.704,2,0.2,16.3172,Telesales
900512,CA-2015-600511,12/10/2014,12/14/2014,Standard Class,DK-12835,Damala Kotsonis,Corporate,United States,Detroit,Michigan,48234,Central,OFF-BI-10003982,Office Supplies,Binders,Wilson Jones Century Plastic Molded Ring Binders,41.54,2,0.0,19.5238,Telesales
900513,CA-2015-600512,12/2/2014,12/6/2014,Standard Class,DV-13465,Dianna Vittorini,Consumer,United States,Denver,Colorado,80219,West,OFF-AP-10000358,Office Supplies,Appliances,Fellowes Basic Home/Office Series Surge Protectors,31.152,3,0.2,3.5046,Telesales
900514,CA-2015-600513,12/1/2014,12/4/2014,First Class,TB-21625,Trudy Brown,Consumer,United States,Philadelphia,Pennsylvania,19134,East,FUR-CH-10003981,Furniture,Chairs,Global Commerce Series Low-Back Swivel/Tilt Chairs,1079.316,6,0.3,-15.4188,Telesales
900515,CA-2015-600514,5/2/2014,5/3/2014,First Class,AG-10900,Arthur Gainer,Consumer,United States,Coral Springs,Florida,33065,South,FUR-BO-10001798,Furniture,Bookcases,Bush Somerset Collection Bookcase,314.352,3,0.2,-15.7176,Telesales
900516,CA-2015-600515,11/12/2014,11/19/2014,Standard Class,EP-13915,Emily Phan,Consumer,United States,Detroit,Michigan,48227,Central,OFF-AR-10004260,Office Supplies,Art,Boston 1799 Powerhouse Electric Pencil Sharpener,181.86,7,0.0,50.9208,Online
900517,CA-2015-600516,8/20/2014,8/24/2014,Standard Class,SC-20575,Sonia Cooley,Consumer,United States,Chicago,Illinois,60653,Central,OFF-BI-10002393,Office Supplies,Binders,Binder Posts,2.296,2,0.8,-3.9032,Telesales
900518,CA-2015-600517,9/27/2014,10/1/2014,Standard Class,SJ-20125,Sanjit Jacobs,Home Office,United States,Miramar,Florida,33023,South,FUR-CH-10003298,Furniture,Chairs,"Office Star - Contemporary Task Swivel chair with Loop Arms, Charcoal",419.136,4,0.2,-57.6312,Store
900519,CA-2015-600518,11/21/2014,11/22/2014,First Class,JH-15430,Jennifer Halladay,Consumer,United States,Burlington,North Carolina,27217,South,OFF-AR-10004790,Office Supplies,Art,Staples,28.728,3,0.2,1.7955,Online
900520,CA-2015-600519,4/24/2014,4/28/2014,Standard Class,PN-18775,Parhena Norris,Home Office,United States,Clarksville,Tennessee,37042,South,OFF-LA-10000081,Office Supplies,Labels,Avery 496,3.0,1,0.2,1.05,Online
900521,CA-2015-600520,4/25/2014,4/28/2014,First Class,DK-12835,Damala Kotsonis,Corporate,United States,Philadelphia,Pennsylvania,19143,East,OFF-BI-10002813,Office Supplies,Binders,Avery Reinforcements for Hole-Punch Pages,1.188,2,0.7,-0.99,Telesales
900522,CA-2015-600521,9/4/2014,9/7/2014,Second Class,KB-16405,Katrina Bavinger,Home Office,United States,New York City,New York,10035,East,FUR-CH-10004860,Furniture,Chairs,Global Low Back Tilter Chair,181.764,2,0.1,-8.0784,Telesales
900523,CA-2015-600522,6/14/2014,6/20/2014,Standard Class,TW-21025,Tamara Willingham,Home Office,United States,Seattle,Washington,98103,West,FUR-CH-10003774,Furniture,Chairs,"Global Wood Trimmed Manager's Task Chair, Khaki",291.136,4,0.2,-25.4744,Online
900524,CA-2015-600523,6/12/2014,6/14/2014,Second Class,TB-21400,Tom Boeckenhauer,Consumer,United States,Seattle,Washington,98103,West,OFF-PA-10004243,Office Supplies,Paper,Xerox 1939,37.94,2,0.0,18.2112,Online
900525,CA-2015-600524,9/15/2014,9/17/2014,First Class,RB-19705,Roger Barcio,Home Office,United States,New York City,New York,10035,East,OFF-ST-10001370,Office Supplies,Storage,Sensible Storage WireTech Storage Systems,70.98,1,0.0,3.549,Store
900526,CA-2015-600525,3/24/2011,3/29/2011,Second Class,MS-17710,Maurice Satty,Consumer,United States,Fresno,California,93727,West,FUR-FU-10002813,Furniture,Furnishings,"DAX Contemporary Wood Frame with Silver Metal Mat, Desktop, 11 x 14 Size",42.504,2,0.0,15.3014,Telesales
900527,CA-2015-600526,2/19/2014,2/22/2014,Second Class,CV-12805,Cynthia Voltz,Corporate,United States,Los Angeles,California,90045,West,TEC-PH-10001924,Technology,Phones,iHome FM Clock Radio with Lightning Dock,167.976,3,0.2,10.4985,Online
900528,CA-2015-600527,11/4/2014,11/7/2014,Second Class,JM-16195,Justin MacKendrick,Consumer,United States,Wilmington,North Carolina,28403,South,OFF-PA-10003673,Office Supplies,Paper,Strathmore Photo Mount Cards,16.272,3,0.2,5.2884,Online
900529,CA-2015-600528,6/22/2014,6/26/2014,Second Class,AS-10240,Alan Shonely,Consumer,United States,Cleveland,Ohio,44105,East,OFF-BI-10001510,Office Supplies,Binders,Deluxe Heavy-Duty Vinyl Round Ring Binder,41.256,6,0.7,-34.38,Telesales
900530,CA-2015-600529,11/13/2014,11/18/2014,Standard Class,SF-20965,Sylvia Foulston,Corporate,United States,Columbus,Ohio,43229,East,OFF-PA-10003673,Office Supplies,Paper,Strathmore Photo Mount Cards,10.848,2,0.2,3.5256,Online
900531,CA-2015-600530,5/13/2014,5/19/2014,Standard Class,CS-12175,Charles Sheldon,Corporate,United States,San Francisco,California,94122,West,OFF-BI-10001900,Office Supplies,Binders,"DXL Angle-View Binders with Locking Rings, Black",19.168,4,0.2,6.4692,Store
900532,CA-2015-600531,12/10/2014,12/14/2014,Standard Class,CA-12310,Christine Abelman,Corporate,United States,Cincinnati,Ohio,45231,East,OFF-EN-10004386,Office Supplies,Envelopes,"Recycled Interoffice Envelopes with String and Button Closure, 10 x 13",57.576,3,0.2,21.591,Store
900533,CA-2015-600532,3/11/2014,3/16/2014,Second Class,CM-11815,Candace McMahon,Corporate,United States,San Francisco,California,94109,West,TEC-AC-10004568,Technology,Accessories,Maxell LTO Ultrium - 800 GB,111.96,4,0.0,21.2724,Store
900534,CA-2015-600533,11/11/2014,11/18/2014,Standard Class,MC-17845,Michael Chen,Consumer,United States,Pasco,Washington,99301,West,OFF-BI-10001543,Office Supplies,Binders,GBC VeloBinder Manual Binding System,28.792,1,0.2,10.0772,Telesales
900535,CA-2015-600534,5/2/2014,5/7/2014,Standard Class,CJ-12010,Caroline Jumper,Consumer,United States,Jacksonville,Florida,32216,South,FUR-CH-10002024,Furniture,Chairs,HON 5400 Series Task Chairs for Big and Tall,2803.92,5,0.2,0.0,Store
900536,CA-2015-600535,7/30/2014,8/2/2014,Second Class,GM-14440,Gary McGarr,Consumer,United States,Troy,New York,12180,East,OFF-AR-10002656,Office Supplies,Art,Sanford Liquid Accent Highlighters,60.12,9,0.0,22.2444,Store
900537,CA-2015-600536,12/25/2014,12/29/2014,Standard Class,NC-18535,Nick Crebassa,Corporate,United States,New Bedford,Massachusetts,2740,East,OFF-BI-10000201,Office Supplies,Binders,"Avery Triangle Shaped Sheet Lifters, Black, 2/Pack",12.3,5,0.0,6.15,Online
900538,CA-2015-600537,5/30/2013,6/3/2013,Standard Class,RB-19360,Raymond Buch,Consumer,United States,Nashville,Tennessee,37211,South,OFF-AR-10003732,Office Supplies,Art,Newell 333,4.6704,2,0.0,0.3503,Telesales
900539,CA-2015-600538,12/3/2014,12/10/2014,Standard Class,RP-19855,Roy Phan,Corporate,United States,Houston,Texas,77095,Central,OFF-AR-10000817,Office Supplies,Art,Manco Dry-Lighter Erasable Highlighter,12.16,5,0.2,2.128,Online
900540,CA-2015-600539,1/15/2014,1/19/2014,Standard Class,BH-11710,Brosina Hoffman,Consumer,United States,Johnson City,Tennessee,37604,South,OFF-BI-10002003,Office Supplies,Binders,Ibico Presentation Index for Binding Systems,5.97,5,0.7,-4.577,Telesales
900541,CA-2015-600540,10/14/2014,10/15/2014,First Class,MH-18025,Michelle Huthwaite,Consumer,United States,Lafayette,Louisiana,70506,South,OFF-LA-10000248,Office Supplies,Labels,Avery 52,11.07,3,0.0,5.2029,Telesales
900542,CA-2015-600541,11/11/2014,11/12/2014,First Class,AB-10600,Ann Blume,Corporate,United States,Tucson,Arizona,85705,West,TEC-MA-10003183,Technology,Machines,DYMO CardScan Personal V9 Business Card Scanner,95.994,2,0.7,-63.996,Store
900543,CA-2015-600542,12/19/2014,12/24/2014,Standard Class,BP-11290,Beth Paige,Consumer,United States,Columbus,Ohio,43229,East,OFF-PA-10002222,Office Supplies,Paper,"Xerox Color Copier Paper, 11"" x 17"", Ream",91.36,5,0.2,29.692,Telesales
900544,CA-2015-600543,10/24/2014,10/30/2014,Standard Class,JC-16105,Julie Creighton,Corporate,United States,Rochester,New York,14609,East,OFF-PA-10002479,Office Supplies,Paper,Xerox 4200 Series MultiUse Premium Copy Paper (20Lb. and 84 Bright),26.4,5,0.0,11.88,Online
900545,CA-2015-600544,6/27/2014,6/28/2014,First Class,TH-21550,Tracy Hopkins,Home Office,United States,Detroit,Michigan,48227,Central,TEC-PH-10002660,Technology,Phones,Nortel Networks T7316 E Nt8 B27,543.92,8,0.0,135.98,Online
900546,CA-2015-600545,4/10/2014,4/12/2014,First Class,BS-11800,Bryan Spruell,Home Office,United States,New York City,New York,10011,East,OFF-AR-10004344,Office Supplies,Art,Bulldog Vacuum Base Pencil Sharpener,35.97,3,0.0,9.7119,Store
900547,CA-2015-600546,5/4/2014,5/9/2014,Standard Class,BO-11350,Bill Overfelt,Corporate,United States,Philadelphia,Pennsylvania,19134,East,FUR-FU-10004245,Furniture,Furnishings,"Career Cubicle Clock, 8 1/4"", Black",32.448,2,0.2,7.3008,Online
900548,CA-2015-600547,9/9/2014,9/10/2014,First Class,FC-14245,Frank Carlisle,Home Office,United States,Hialeah,Florida,33012,South,OFF-ST-10001321,Office Supplies,Storage,"Decoflex Hanging Personal Folder File, Blue",61.68,5,0.2,5.397,Telesales
900549,CA-2015-600548,11/25/2014,11/30/2014,Standard Class,SC-20440,Shaun Chance,Corporate,United States,Lancaster,Pennsylvania,17602,East,OFF-PA-10000675,Office Supplies,Paper,Xerox 1919,229.544,7,0.2,83.2097,Online
900550,CA-2015-600549,4/9/2014,4/16/2014,Standard Class,DM-13345,Denise Monton,Corporate,United States,Roswell,Georgia,30076,South,OFF-BI-10001359,Office Supplies,Binders,GBC DocuBind TL300 Electric Binding System,2690.97,3,0.0,1264.7559,Store
900551,CA-2015-600550,9/16/2014,9/18/2014,Second Class,CL-11890,Carl Ludwig,Consumer,United States,Everett,Massachusetts,2149,East,OFF-AR-10003478,Office Supplies,Art,"Avery Hi-Liter EverBold Pen Style Fluorescent Highlighters, 4/Pack",16.28,2,0.0,6.512,Online
900552,CA-2015-600551,4/23/2014,4/27/2014,Standard Class,MO-17800,Meg O'Connel,Home Office,United States,Philadelphia,Pennsylvania,19140,East,FUR-FU-10001488,Furniture,Furnishings,"Tenex 46"" x 60"" Computer Anti-Static Chairmat, Rectangular Shaped",254.352,3,0.2,0.0,Telesales
900553,CA-2015-600552,6/14/2014,6/17/2014,First Class,SD-20485,Shirley Daniels,Home Office,United States,Chicago,Illinois,60653,Central,OFF-ST-10004804,Office Supplies,Storage,"Belkin 19"" Vented Equipment Shelf, Black",164.736,4,0.2,-39.1248,Telesales
900554,CA-2015-600553,12/19/2014,12/25/2014,Standard Class,TT-21460,Tonja Turnell,Home Office,United States,San Francisco,California,94110,West,OFF-AR-10002578,Office Supplies,Art,Newell 335,5.76,2,0.0,1.6704,Store
900555,CA-2015-600554,11/27/2014,11/28/2014,First Class,LS-17245,Lynn Smith,Consumer,United States,Gladstone,Missouri,64118,Central,TEC-AC-10002399,Technology,Accessories,SanDisk Cruzer 32 GB USB Flash Drive,38.04,2,0.0,12.1728,Telesales
900556,CA-2015-600555,3/17/2014,3/22/2014,Standard Class,KD-16615,Ken Dana,Corporate,United States,Los Angeles,California,90032,West,OFF-BI-10004236,Office Supplies,Binders,"XtraLife ClearVue Slant-D Ring Binder, White, 3""",70.464,6,0.2,22.9008,Telesales
900557,CA-2015-600556,10/4/2014,10/8/2014,Second Class,LW-16825,Laurel Workman,Corporate,United States,Pasadena,Texas,77506,Central,OFF-AR-10004817,Office Supplies,Art,Colorific Watercolor Pencils,20.64,5,0.2,2.322,Store
900558,CA-2015-600557,9/25/2014,9/27/2014,First Class,RO-19780,Rose O'Brian,Consumer,United States,Chicago,Illinois,60623,Central,FUR-CH-10003973,Furniture,Chairs,GuestStacker Chair with Chrome Finish Legs,520.464,2,0.3,-14.8704,Telesales
900559,CA-2015-600558,7/11/2012,7/12/2012,First Class,TS-21370,Todd Sumrall,Corporate,United States,Wilmington,Delaware,19805,East,TEC-PH-10001817,Technology,Phones,Wilson Electronics DB Pro Signal Booster,751.8,2,0.0,202.986,Online
900560,CA-2015-600559,11/6/2014,11/11/2014,Second Class,CD-12280,Christina DeMoss,Consumer,United States,New York City,New York,10024,East,OFF-PA-10001870,Office Supplies,Paper,Xerox 202,12.96,2,0.0,6.2208,Online
900561,CA-2015-600560,11/12/2014,11/15/2014,Second Class,JL-15505,Jeremy Lonsdale,Consumer,United States,Aberdeen,South Dakota,57401,Central,OFF-SU-10004661,Office Supplies,Supplies,Acme Titanium Bonded Scissors,25.5,3,0.0,6.63,Online
900562,CA-2015-600561,3/29/2014,4/3/2014,Standard Class,CK-12760,Cyma Kinney,Corporate,United States,Jacksonville,Florida,32216,South,OFF-BI-10001191,Office Supplies,Binders,Canvas Sectional Post Binders,68.742,9,0.7,-48.1194,Telesales
900563,CA-2015-600562,7/1/2014,7/5/2014,Second Class,GH-14410,Gary Hansen,Home Office,United States,Chicago,Illinois,60653,Central,TEC-PH-10002584,Technology,Phones,Samsung Galaxy S4,1001.584,2,0.2,125.198,Telesales
900564,CA-2015-600563,6/20/2014,6/24/2014,Standard Class,ZC-21910,Zuschuss Carroll,Consumer,United States,Houston,Texas,77095,Central,OFF-PA-10000740,Office Supplies,Paper,Xerox 1982,146.176,8,0.2,47.5072,Telesales
900565,CA-2015-600564,9/26/2014,10/2/2014,Standard Class,KW-16435,Katrina Willman,Consumer,United States,New York City,New York,10009,East,FUR-FU-10000023,Furniture,Furnishings,Eldon Wave Desk Accessories,47.12,8,0.0,20.7328,Telesales
900566,CA-2015-600565,7/9/2014,7/13/2014,Standard Class,HE-14800,Harold Engle,Corporate,United States,Newark,Delaware,19711,East,FUR-FU-10003247,Furniture,Furnishings,36X48 HARDFLOOR CHAIRMAT,83.92,4,0.0,5.8744,Telesales
900567,CA-2015-600566,12/3/2014,12/4/2014,Same Day,AM-10360,Alice McCarthy,Corporate,United States,Los Angeles,California,90032,West,OFF-BI-10004187,Office Supplies,Binders,Staples,9.024,6,0.2,3.1584,Store
900568,CA-2015-600567,2/11/2014,2/14/2014,First Class,MN-17935,Michael Nguyen,Consumer,United States,Clinton,Maryland,20735,East,OFF-PA-10002464,Office Supplies,Paper,HP Office Recycled Paper (20Lb. and 87 Bright),23.12,4,0.0,11.3288,Store
900569,CA-2015-600568,12/10/2014,12/15/2014,Standard Class,LE-16810,Laurel Elliston,Consumer,United States,Whittier,California,90604,West,TEC-PH-10001918,Technology,Phones,Nortel Business Series Terminal T7208 Digital phone,444.768,4,0.2,44.4768,Telesales
900570,CA-2015-600569,1/27/2014,2/1/2014,Second Class,CA-11965,Carol Adams,Corporate,United States,Hoover,Alabama,35244,South,OFF-BI-10001890,Office Supplies,Binders,Avery Poly Binder Pockets,7.16,2,0.0,3.4368,Online
900571,CA-2015-600570,12/30/2014,1/3/2015,Standard Class,JG-15160,James Galang,Consumer,United States,Los Angeles,California,90049,West,TEC-PH-10002563,Technology,Phones,Adtran 1202752G1,302.376,3,0.2,22.6782,Store
900572,CA-2015-600571,7/9/2014,7/13/2014,Standard Class,HE-14800,Harold Engle,Corporate,United States,Newark,Delaware,19711,East,OFF-AR-10004010,Office Supplies,Art,Hunt Boston Vacuum Mount KS Pencil Sharpener,174.95,5,0.0,45.487,Store
900573,CA-2015-600572,10/28/2014,11/4/2014,Standard Class,SH-19975,Sally Hughsby,Corporate,United States,Dallas,Texas,75081,Central,OFF-PA-10001204,Office Supplies,Paper,Xerox 1972,8.448,2,0.2,2.64,Online
900574,CA-2015-600573,6/17/2014,6/22/2014,Standard Class,AB-10255,Alejandro Ballentine,Home Office,United States,Carlsbad,New Mexico,88220,West,OFF-PA-10001815,Office Supplies,Paper,Xerox 1885,192.16,4,0.0,92.2368,Online
900575,CA-2015-600574,3/26/2014,3/27/2014,First Class,CV-12295,Christina VanderZanden,Consumer,United States,Fresno,California,93727,West,TEC-CO-10000971,Technology,Copiers,Hewlett Packard 310 Color Digital Copier,479.984,2,0.2,59.998,Store
900576,CA-2015-600575,12/14/2014,12/19/2014,Standard Class,EP-13915,Emily Phan,Consumer,United States,San Francisco,California,94122,West,OFF-PA-10000232,Office Supplies,Paper,Xerox 1975,12.96,2,0.0,6.3504,Store
900577,CA-2015-600576,12/8/2014,12/13/2014,Standard Class,DS-13180,David Smith,Corporate,United States,San Antonio,Texas,78207,Central,OFF-FA-10000611,Office Supplies,Fasteners,Binder Clips by OIC,3.552,3,0.2,1.2432,Store
900578,CA-2015-600577,2/21/2014,2/26/2014,Second Class,BP-11095,Bart Pistole,Corporate,United States,Louisville,Colorado,80027,West,OFF-FA-10001229,Office Supplies,Fasteners,Staples,9.432,3,0.2,3.0654,Online
900579,CA-2015-600578,7/3/2014,7/6/2014,First Class,AH-10120,Adrian Hane,Home Office,United States,Houston,Texas,77036,Central,OFF-BI-10001787,Office Supplies,Binders,Wilson Jones Four-Pocket Poly Binders,5.232,4,0.8,-8.1096,Store
900580,CA-2015-600579,12/8/2014,12/13/2014,Standard Class,BH-11710,Brosina Hoffman,Consumer,United States,Hattiesburg,Mississippi,39401,South,TEC-AC-10001266,Technology,Accessories,Memorex Micro Travel Drive 8 GB,52.0,4,0.0,23.4,Online
900581,CA-2015-600580,5/20/2014,5/25/2014,Second Class,AH-10075,Adam Hart,Corporate,United States,Knoxville,Tennessee,37918,South,FUR-CH-10001482,Furniture,Chairs,Office Star - Mesh Screen back chair with Vinyl seat,314.352,3,0.2,-35.3646,Online
900582,CA-2015-600581,7/15/2014,7/19/2014,Standard Class,TC-21295,Toby Carlisle,Consumer,United States,Westminster,California,92683,West,TEC-AC-10000991,Technology,Accessories,Sony Micro Vault Click 8 GB USB 2.0 Flash Drive,140.97,3,0.0,19.7358,Online
900583,CA-2015-600582,12/15/2014,12/19/2014,Standard Class,BF-11170,Ben Ferrer,Home Office,United States,Lawrence,Massachusetts,1841,East,OFF-SU-10001664,Office Supplies,Supplies,Acme Office Executive Series Stainless Steel Trimmers,25.71,3,0.0,6.6846,Telesales
900584,CA-2015-600583,12/5/2014,12/11/2014,Standard Class,DO-13645,Doug O'Connell,Consumer,United States,Paterson,New Jersey,7501,East,FUR-FU-10002506,Furniture,Furnishings,"Tensor ""Hersey Kiss"" Styled Floor Lamp",12.99,1,0.0,1.5588,Online
900585,CA-2015-600584,7/4/2014,7/7/2014,Second Class,SZ-20035,Sam Zeldin,Home Office,United States,Lancaster,Ohio,43130,East,FUR-TA-10002041,Furniture,Tables,"Bevis Round Conference Table Top, X-Base",215.148,2,0.4,-103.9882,Telesales
900586,CA-2015-600585,4/17/2014,4/21/2014,Standard Class,JO-15550,Jesus Ocampo,Home Office,United States,San Francisco,California,94109,West,OFF-AP-10000027,Office Supplies,Appliances,Hoover Commercial SteamVac,40.74,3,0.0,12.222,Telesales
900587,CA-2015-600586,12/2/2014,12/6/2014,Standard Class,CC-12550,Clay Cheatham,Consumer,United States,Los Angeles,California,90008,West,OFF-PA-10004735,Office Supplies,Paper,Xerox 1905,45.36,7,0.0,21.7728,Telesales
900588,CA-2015-600587,7/9/2014,7/13/2014,Standard Class,TD-20995,Tamara Dahlen,Consumer,United States,Lowell,Massachusetts,1852,East,OFF-PA-10000249,Office Supplies,Paper,Staples,24.56,2,0.0,11.5432,Telesales
900589,CA-2015-600588,9/20/2014,9/26/2014,Standard Class,JR-16210,Justin Ritter,Corporate,United States,Springfield,Oregon,97477,West,TEC-PH-10001425,Technology,Phones,Mophie Juice Pack Helium for iPhone,191.976,3,0.2,19.1976,Online
900590,CA-2015-600589,9/12/2014,9/13/2014,First Class,RC-19960,Ryan Crowe,Consumer,United States,Jacksonville,Florida,32216,South,FUR-FU-10003039,Furniture,Furnishings,"Howard Miller 11-1/2"" Diameter Grantwood Wall Clock",34.504,1,0.2,6.0382,Online
900591,CA-2015-600590,1/30/2014,2/3/2014,Standard Class,CK-12595,Clytie Kelty,Consumer,United States,Chicago,Illinois,60653,Central,OFF-BI-10001072,Office Supplies,Binders,"GBC Clear Cover, 8-1/2 x 11, unpunched, 25 covers per pack",12.128,4,0.8,-20.6176,Store
900592,CA-2015-600591,9/25/2014,9/29/2014,Second Class,NK-18490,Neil Knudson,Home Office,United States,San Francisco,California,94110,West,OFF-SU-10001574,Office Supplies,Supplies,Acme Value Line Scissors,7.3,2,0.0,2.19,Online
900593,CA-2015-600592,10/3/2014,10/7/2014,Standard Class,CM-12115,Chad McGuire,Consumer,United States,San Francisco,California,94109,West,TEC-MA-10002930,Technology,Machines,Ricoh - Ink Collector Unit for GX3000 Series Printers,369.16,11,0.2,32.3015,Store
900594,CA-2015-600593,11/24/2014,11/27/2014,First Class,JP-15460,Jennifer Patt,Corporate,United States,Dallas,Texas,75220,Central,OFF-PA-10002923,Office Supplies,Paper,Xerox 1942,78.304,2,0.2,29.364,Telesales
900595,CA-2015-600594,2/18/2014,2/21/2014,First Class,CK-12325,Christine Kargatis,Home Office,United States,Troy,Ohio,45373,East,TEC-PH-10000526,Technology,Phones,Vtech CS6719,57.594,1,0.4,-11.5188,Telesales
900596,CA-2015-600595,7/15/2014,7/19/2014,Standard Class,TC-21295,Toby Carlisle,Consumer,United States,Westminster,California,92683,West,FUR-FU-10003601,Furniture,Furnishings,"Deflect-o RollaMat Studded, Beveled Mat for Medium Pile Carpeting",276.69,3,0.0,49.8042,Store
900597,CA-2015-600596,12/20/2014,12/24/2014,Standard Class,TS-21505,Tony Sayre,Consumer,United States,Parker,Colorado,80134,West,FUR-FU-10000320,Furniture,Furnishings,OIC Stacking Trays,13.36,5,0.2,4.008,Telesales
900598,CA-2015-600597,10/27/2014,11/3/2014,Standard Class,PG-18895,Paul Gonzalez,Consumer,United States,Rochester,Minnesota,55901,Central,TEC-AC-10001998,Technology,Accessories,Logitech LS21 Speaker System - PC Multimedia - 2.1-CH - Wired,19.99,1,0.0,6.7966,Store
900599,CA-2015-600598,10/10/2014,10/15/2014,Standard Class,CK-12760,Cyma Kinney,Corporate,United States,Aurora,Illinois,60505,Central,FUR-TA-10002958,Furniture,Tables,"Bevis Oval Conference Table, Walnut",652.45,5,0.5,-430.617,Telesales
900600,CA-2015-600599,11/25/2014,11/25/2014,Same Day,BP-11290,Beth Paige,Consumer,United States,Los Angeles,California,90008,West,FUR-TA-10000617,Furniture,Tables,"Hon Practical Foundations 30 x 60 Training Table, Light Gray/Charcoal",364.08,2,0.2,9.102,Store
900601,CA-2015-600600,3/8/2014,3/13/2014,Standard Class,SH-20395,Shahid Hopkins,Consumer,United States,New York City,New York,10035,East,OFF-BI-10003669,Office Supplies,Binders,3M Organizer Strips,25.92,6,0.2,9.072,Online
900602,CA-2015-600601,5/17/2014,5/19/2014,First Class,JM-15865,John Murray,Consumer,United States,Akron,Ohio,44312,East,OFF-ST-10002574,Office Supplies,Storage,"SAFCO Commercial Wire Shelving, Black",221.024,2,0.2,-55.256,Online
900603,CA-2015-600602,10/3/2014,10/8/2014,Standard Class,FG-14260,Frank Gastineau,Home Office,United States,Seattle,Washington,98105,West,OFF-FA-10002780,Office Supplies,Fasteners,Staples,8.94,3,0.0,4.1124,Telesales
900604,CA-2015-600603,8/29/2014,9/4/2014,Standard Class,KN-16705,Kristina Nunn,Home Office,United States,Seattle,Washington,98105,West,OFF-BI-10001658,Office Supplies,Binders,GBC Standard Therm-A-Bind Covers,99.68,5,0.2,32.396,Online
900605,CA-2015-600604,1/21/2014,1/24/2014,Second Class,CV-12805,Cynthia Voltz,Corporate,United States,New York City,New York,10024,East,FUR-CH-10003396,Furniture,Chairs,Global Deluxe Steno Chair,207.846,3,0.1,2.3094,Telesales
900606,CA-2015-600605,7/4/2014,7/7/2014,Second Class,SZ-20035,Sam Zeldin,Home Office,United States,Lancaster,Ohio,43130,East,OFF-PA-10002246,Office Supplies,Paper,"Wirebound Four 2-3/4 x 5 Forms per Page, 400 Sets per Book",30.96,6,0.2,11.223,Telesales
900607,CA-2015-600606,4/22/2014,4/25/2014,First Class,JW-15955,Joni Wasserman,Consumer,United States,Seattle,Washington,98103,West,FUR-FU-10004622,Furniture,Furnishings,Eldon Advantage Foldable Chair Mats for Low Pile Carpets,162.6,3,0.0,34.146,Store
900608,CA-2015-600607,6/7/2014,6/11/2014,Standard Class,GH-14410,Gary Hansen,Home Office,United States,San Francisco,California,94122,West,OFF-ST-10002957,Office Supplies,Storage,Sterilite Show Offs Storage Containers,26.4,5,0.0,0.0,Telesales
900609,CA-2015-600608,9/20/2014,9/26/2014,Standard Class,JR-16210,Justin Ritter,Corporate,United States,Springfield,Oregon,97477,West,FUR-BO-10001972,Furniture,Bookcases,O'Sullivan 4-Shelf Bookcase in Odessa Pine,72.588,2,0.7,-128.2388,Telesales
900610,CA-2015-600609,9/16/2014,9/21/2014,Standard Class,GM-14500,Gene McClure,Consumer,United States,Seattle,Washington,98103,West,OFF-AR-10004441,Office Supplies,Art,BIC Brite Liner Highlighters,12.42,3,0.0,5.2164,Online
900611,CA-2015-600610,12/22/2014,12/27/2014,Second Class,PK-19075,Pete Kriz,Consumer,United States,Columbia,South Carolina,29203,South,OFF-BI-10002003,Office Supplies,Binders,Ibico Presentation Index for Binding Systems,23.88,6,0.0,11.2236,Telesales
900612,CA-2015-600611,8/26/2014,8/30/2014,Standard Class,SV-20365,Seth Vernon,Consumer,United States,Philadelphia,Pennsylvania,19140,East,FUR-BO-10001798,Furniture,Bookcases,Bush Somerset Collection Bookcase,130.98,2,0.5,-89.0664,Telesales
900613,CA-2015-600612,2/18/2014,2/22/2014,Second Class,LL-16840,Lauren Leatherbury,Consumer,United States,Lafayette,Louisiana,70506,South,TEC-PH-10003875,Technology,Phones,KLD Oscar II Style Snap-on Ultra Thin Side Flip Synthetic Leather Cover Case for HTC One HTC M7,29.16,3,0.0,8.4564,Telesales
900614,CA-2015-600613,7/16/2014,7/19/2014,Second Class,MM-18055,Michelle Moray,Consumer,United States,New York City,New York,10024,East,OFF-LA-10000634,Office Supplies,Labels,Avery 509,7.83,3,0.0,3.6018,Telesales
900615,CA-2015-600614,12/12/2014,12/15/2014,Second Class,RS-19870,Roy Skaria,Home Office,United States,Burlington,Iowa,52601,Central,OFF-BI-10002012,Office Supplies,Binders,Wilson Jones Easy Flow II Sheet Lifters,5.4,3,0.0,2.592,Online
900616,CA-2015-600615,2/21/2014,2/28/2014,Standard Class,KM-16375,Katherine Murray,Home Office,United States,Gilbert,Arizona,85234,West,OFF-EN-10004846,Office Supplies,Envelopes,Letter or Legal Size Expandable Poly String Tie Envelopes,10.64,5,0.2,3.857,Store
900617,CA-2015-600616,11/13/2014,11/13/2014,Same Day,EM-14140,Eugene Moren,Home Office,United States,Glendale,Arizona,85301,West,TEC-PH-10000347,Technology,Phones,Cush Cases Heavy Duty Rugged Cover Case for Samsung Galaxy S5 - Purple,7.92,2,0.2,0.693,Telesales
900618,CA-2015-600617,3/9/2014,3/12/2014,First Class,VB-21745,Victoria Brennan,Corporate,United States,Columbus,Georgia,31907,South,OFF-LA-10001158,Office Supplies,Labels,"Avery Address/Shipping Labels for Typewriters, 4"" x 2""",20.7,2,0.0,9.936,Online
900619,CA-2015-600618,8/14/2014,8/19/2014,Standard Class,DC-12850,Dan Campbell,Consumer,United States,Memphis,Tennessee,38109,South,OFF-AP-10001563,Office Supplies,Appliances,Belkin Premiere Surge Master II 8-outlet surge protector,272.048,7,0.2,30.6054,Online
900620,CA-2015-600619,9/5/2014,9/11/2014,Standard Class,MM-17920,Michael Moore,Consumer,United States,Philadelphia,Pennsylvania,19120,East,TEC-AC-10000199,Technology,Accessories,Kingston Digital DataTraveler 8GB USB 2.0,19.04,4,0.2,-1.428,Store
900621,CA-2015-600620,1/22/2014,1/26/2014,Standard Class,DS-13030,Darrin Sayre,Home Office,United States,Seattle,Washington,98115,West,OFF-BI-10000138,Office Supplies,Binders,Acco Translucent Poly Ring Binders,18.72,5,0.2,6.552,Store
900622,CA-2015-600621,9/1/2014,9/6/2014,Standard Class,BG-11035,Barry Gonzalez,Consumer,United States,Monroe,Louisiana,71203,South,TEC-AC-10003033,Technology,Accessories,Plantronics CS510 - Over-the-Head monaural Wireless Headset System,659.9,2,0.0,217.767,Store
900623,CA-2015-600622,11/13/2014,11/19/2014,Standard Class,NG-18430,Nathan Gelder,Consumer,United States,Austin,Texas,78745,Central,OFF-ST-10003716,Office Supplies,Storage,Tennsco Double-Tier Lockers,540.048,3,0.2,-47.2542,Telesales
900624,CA-2015-600623,12/18/2014,12/24/2014,Standard Class,AT-10735,Annie Thurman,Consumer,United States,New York City,New York,10009,East,OFF-ST-10002276,Office Supplies,Storage,Safco Steel Mobile File Cart,166.72,2,0.0,41.68,Store
900625,CA-2015-600624,9/12/2014,9/14/2014,Second Class,KH-16630,Ken Heidel,Corporate,United States,Santa Ana,California,92704,West,TEC-PH-10002564,Technology,Phones,OtterBox Defender Series Case - Samsung Galaxy S4,143.952,6,0.2,17.994,Store
900626,CA-2015-600625,12/2/2014,12/9/2014,Standard Class,MY-17380,Maribeth Yedwab,Corporate,United States,San Antonio,Texas,78207,Central,OFF-PA-10000520,Office Supplies,Paper,Xerox 201,10.368,2,0.2,3.6288,Telesales
900627,CA-2015-600626,2/18/2014,2/20/2014,First Class,CR-12820,Cyra Reiten,Home Office,United States,Houston,Texas,77041,Central,TEC-PH-10000038,Technology,Phones,Jawbone MINI JAMBOX Wireless Bluetooth Speaker,438.336,4,0.2,-87.6672,Online
900628,CA-2015-600627,9/30/2014,9/30/2014,Same Day,MG-17680,Maureen Gastineau,Home Office,United States,Mentor,Ohio,44060,East,OFF-PA-10002606,Office Supplies,Paper,Xerox 1928,8.448,2,0.2,2.64,Online
900629,CA-2015-600628,9/11/2014,9/16/2014,Second Class,RW-19690,Robert Waldorf,Consumer,United States,Springfield,Missouri,65807,Central,OFF-AP-10003281,Office Supplies,Appliances,Acco 6 Outlet Guardian Standard Surge Suppressor,24.18,2,0.0,7.254,Telesales
900630,CA-2015-600629,9/12/2014,9/12/2014,Same Day,CB-12025,Cassandra Brandow,Consumer,United States,San Francisco,California,94110,West,FUR-FU-10000260,Furniture,Furnishings,"6"" Cubicle Wall Clock, Black",32.36,4,0.0,11.6496,Online
900631,CA-2015-600630,4/10/2014,4/12/2014,First Class,BS-11800,Bryan Spruell,Home Office,United States,New York City,New York,10011,East,OFF-PA-10004621,Office Supplies,Paper,Xerox 212,12.96,2,0.0,6.2208,Store
900632,CA-2015-600631,11/27/2014,11/30/2014,Second Class,MN-17935,Michael Nguyen,Consumer,United States,New York City,New York,10009,East,FUR-FU-10003623,Furniture,Furnishings,"DataProducts Ampli Magnifier Task Lamp, Black,",135.3,5,0.0,37.884,Telesales
900633,CA-2015-600632,5/1/2014,5/6/2014,Standard Class,AS-10630,Ann Steele,Home Office,United States,Boynton Beach,Florida,33437,South,OFF-LA-10003190,Office Supplies,Labels,Avery 474,4.608,2,0.2,1.6704,Store
900634,CA-2015-600633,6/13/2014,6/19/2014,Standard Class,SB-20170,Sarah Bern,Consumer,United States,New York City,New York,10035,East,OFF-AR-10004691,Office Supplies,Art,Boston 1730 StandUp Electric Pencil Sharpener,64.14,3,0.0,16.6764,Online
900635,CA-2015-600634,3/18/2014,3/22/2014,Standard Class,PO-19180,Philisse Overcash,Home Office,United States,Houston,Texas,77095,Central,OFF-BI-10003166,Office Supplies,Binders,GBC Plasticlear Binding Covers,13.776,6,0.8,-22.0416,Telesales
900636,CA-2015-600635,3/12/2014,3/17/2014,Standard Class,MH-17290,Marc Harrigan,Home Office,United States,Philadelphia,Pennsylvania,19140,East,TEC-PH-10002555,Technology,Phones,Nortel Meridian M5316 Digital phone,776.85,5,0.4,-181.265,Telesales
900637,CA-2015-600636,10/14/2014,10/18/2014,Standard Class,AG-10495,Andrew Gjertsen,Corporate,United States,Philadelphia,Pennsylvania,19140,East,OFF-PA-10000673,Office Supplies,Paper,"Post-it “Important Message” Note Pad, Neon Colors, 50 Sheets/Pad",11.648,2,0.2,4.0768,Online
900638,CA-2015-600637,3/31/2014,4/4/2014,Standard Class,ME-17320,Maria Etezadi,Home Office,United States,Columbus,Georgia,31907,South,OFF-ST-10003282,Office Supplies,Storage,"Advantus 10-Drawer Portable Organizer, Chrome Metal Frame, Smoke Drawers",59.76,1,0.0,16.7328,Telesales
900639,CA-2015-600638,12/9/2014,12/15/2014,Standard Class,DM-13345,Denise Monton,Corporate,United States,San Francisco,California,94109,West,OFF-BI-10001670,Office Supplies,Binders,Vinyl Sectional Post Binders,90.48,3,0.2,33.93,Online
900640,CA-2015-600639,12/19/2014,12/24/2014,Standard Class,BP-11290,Beth Paige,Consumer,United States,Columbus,Ohio,43229,East,OFF-AP-10004487,Office Supplies,Appliances,Kensington 4 Outlet MasterPiece Compact Power Control Center,130.112,2,0.2,13.0112,Online
900641,CA-2015-600640,7/18/2014,7/23/2014,Standard Class,SW-20455,Shaun Weien,Consumer,United States,Tampa,Florida,33614,South,FUR-FU-10002597,Furniture,Furnishings,"C-Line Magnetic Cubicle Keepers, Clear Polypropylene",7.904,2,0.2,2.1736,Store
900642,CA-2015-600641,12/29/2014,1/4/2015,Standard Class,EH-14005,Erica Hernandez,Home Office,United States,Nashville,Tennessee,37211,South,OFF-ST-10000736,Office Supplies,Storage,Carina Double Wide Media Storage Towers in Natural & Black,64.784,1,0.2,-12.9568,Online
900643,CA-2015-600642,9/30/2014,10/7/2014,Standard Class,JK-15730,Joe Kamberova,Consumer,United States,Lodi,California,95240,West,OFF-SU-10000898,Office Supplies,Supplies,"Acme Hot Forged Carbon Steel Scissors with Nickel-Plated Handles, 3 7/8"" Cut, 8""L",97.3,7,0.0,28.217,Online
900644,CA-2015-600643,9/5/2014,9/11/2014,Standard Class,TH-21235,Tiffany House,Corporate,United States,Los Angeles,California,90032,West,OFF-ST-10000419,Office Supplies,Storage,"Rogers Jumbo File, Granite",54.32,4,0.0,0.5432,Telesales
900645,CA-2015-600644,12/2/2014,12/6/2014,Standard Class,DV-13465,Dianna Vittorini,Consumer,United States,Denver,Colorado,80219,West,TEC-PH-10004977,Technology,Phones,GE 30524EE4,470.376,3,0.2,52.9173,Store
900646,CA-2015-600645,10/22/2014,10/28/2014,Standard Class,JB-15400,Jennifer Braxton,Corporate,United States,Milwaukee,Wisconsin,53209,Central,OFF-BI-10000301,Office Supplies,Binders,GBC Instant Report Kit,38.82,6,0.0,19.41,Telesales
900647,CA-2015-600646,12/29/2014,1/2/2015,Standard Class,GH-14665,Greg Hansen,Consumer,United States,Round Rock,Texas,78664,Central,OFF-AR-10001958,Office Supplies,Art,Stanley Bostitch Contemporary Electric Pencil Sharpeners,27.168,2,0.2,2.7168,Telesales
900648,CA-2015-600647,12/24/2014,12/29/2014,Second Class,MF-18250,Monica Federle,Corporate,United States,Little Rock,Arkansas,72209,South,TEC-PH-10003601,Technology,Phones,"Ativa D5772 2-Line 5.8GHz Digital Expandable Corded/Cordless Phone System with Answering & Caller ID/Call Waiting, Black/Silver",494.97,3,0.0,148.491,Telesales
900649,CA-2015-600648,5/5/2014,5/9/2014,Standard Class,MK-18160,Mike Kennedy,Consumer,United States,Newport News,Virginia,23602,South,OFF-PA-10000726,Office Supplies,Paper,"Black Print Carbonless Snap-Off Rapid Letter, 8 1/2"" x 7""",9.11,1,0.0,4.0995,Online
900650,CA-2015-600649,6/14/2014,6/17/2014,First Class,SD-20485,Shirley Daniels,Home Office,United States,Chicago,Illinois,60653,Central,TEC-PH-10002564,Technology,Phones,OtterBox Defender Series Case - Samsung Galaxy S4,47.984,2,0.2,5.998,Store
900651,CA-2015-600650,8/30/2014,9/2/2014,First Class,CP-12085,Cathy Prescott,Corporate,United States,Quincy,Illinois,62301,Central,OFF-BI-10002012,Office Supplies,Binders,Wilson Jones Easy Flow II Sheet Lifters,3.24,9,0.8,-5.184,Store
900652,CA-2015-600651,6/19/2014,6/24/2014,Standard Class,CC-12670,Craig Carreira,Consumer,United States,Los Angeles,California,90032,West,OFF-PA-10002036,Office Supplies,Paper,Xerox 1930,38.88,6,0.0,19.0512,Telesales
900653,CA-2015-600652,3/29/2014,4/1/2014,First Class,DH-13075,Dave Hallsten,Corporate,United States,Fairfield,California,94533,West,OFF-PA-10003651,Office Supplies,Paper,Xerox 1968,26.72,4,0.0,12.8256,Telesales
900654,CA-2015-600653,6/9/2014,6/11/2014,Second Class,TH-21235,Tiffany House,Corporate,United States,Dallas,Texas,75081,Central,OFF-PA-10000474,Office Supplies,Paper,Staples,85.056,3,0.2,28.7064,Online
900655,CA-2015-600654,11/22/2014,11/26/2014,Standard Class,BF-11005,Barry Franz,Home Office,United States,Pasadena,California,91104,West,TEC-PH-10004165,Technology,Phones,Mitel MiVoice 5330e IP Phone,659.976,3,0.2,49.4982,Store
900656,CA-2015-600655,3/18/2014,3/23/2014,Second Class,DB-13405,Denny Blanton,Consumer,United States,New York City,New York,10011,East,TEC-PH-10000149,Technology,Phones,Cisco SPA525G2 IP Phone - Wireless,119.7,6,0.0,31.122,Store
900657,CA-2015-600656,3/21/2014,3/25/2014,Standard Class,RD-19720,Roger Demir,Consumer,United States,Middletown,Connecticut,6457,East,TEC-AC-10002842,Technology,Accessories,WD My Passport Ultra 2TB Portable External Hard Drive,238.0,2,0.0,38.08,Online
900658,CA-2015-600657,7/21/2014,7/26/2014,Standard Class,EM-13825,Elizabeth Moffitt,Corporate,United States,Sioux Falls,South Dakota,57103,Central,FUR-CH-10003833,Furniture,Chairs,Novimex Fabric Task Chair,182.94,3,0.0,27.441,Online
900659,CA-2015-600658,10/3/2014,10/7/2014,Standard Class,RF-19735,Roland Fjeld,Consumer,United States,Trenton,Michigan,48183,Central,FUR-FU-10003577,Furniture,Furnishings,Nu-Dell Leatherette Frames,157.74,11,0.0,56.7864,Store
900660,CA-2015-600659,9/19/2014,9/23/2014,Standard Class,BF-11020,Barry Französisch,Corporate,United States,Green Bay,Wisconsin,54302,Central,OFF-PA-10002377,Office Supplies,Paper,"Adams Telephone Message Book W/Dividers/Space For Phone Numbers, 5 1/4""X8 1/2"", 200/Messages",22.72,4,0.0,10.224,Telesales
900661,CA-2015-600660,6/27/2014,7/1/2014,Standard Class,SC-20260,Scott Cohen,Corporate,United States,New York City,New York,10009,East,OFF-BI-10001071,Office Supplies,Binders,GBC ProClick Punch Binding System,102.368,2,0.2,37.1084,Online
900662,CA-2015-600661,6/30/2014,7/1/2014,First Class,WB-21850,William Brown,Consumer,United States,Los Angeles,California,90049,West,OFF-ST-10002974,Office Supplies,Storage,"Trav-L-File Heavy-Duty Shuttle II, Black",130.71,3,0.0,39.213,Store
900663,CA-2015-600662,10/28/2014,10/29/2014,First Class,JO-15145,Jack O'Briant,Corporate,United States,San Francisco,California,94110,West,FUR-BO-10003034,Furniture,Bookcases,"O'Sullivan Elevations Bookcase, Cherry Finish",556.665,5,0.15,6.549,Store
900664,CA-2015-600663,9/10/2014,9/14/2014,Standard Class,SP-20620,Stefania Perrino,Corporate,United States,Philadelphia,Pennsylvania,19134,East,OFF-BI-10002432,Office Supplies,Binders,Wilson Jones Standard D-Ring Binders,3.036,2,0.7,-2.3276,Online
900665,CA-2015-600664,8/22/2014,8/23/2014,First Class,PR-18880,Patrick Ryan,Consumer,United States,Oakland,California,94601,West,OFF-AP-10002867,Office Supplies,Appliances,Fellowes Command Center 5-outlet power strip,203.52,3,0.0,54.9504,Telesales
900666,CA-2015-600665,8/14/2014,8/19/2014,Standard Class,DC-12850,Dan Campbell,Consumer,United States,Memphis,Tennessee,38109,South,OFF-FA-10003495,Office Supplies,Fasteners,Staples,24.32,5,0.2,9.12,Telesales
900667,CA-2015-600666,2/20/2014,2/24/2014,Standard Class,ME-17725,Max Engle,Consumer,United States,Seattle,Washington,98103,West,OFF-FA-10004968,Office Supplies,Fasteners,Rubber Band Ball,11.22,3,0.0,0.2244,Online
900668,CA-2015-600667,4/21/2014,4/27/2014,Standard Class,SJ-20125,Sanjit Jacobs,Home Office,United States,Chicago,Illinois,60610,Central,FUR-FU-10004597,Furniture,Furnishings,Eldon Cleatmat Chair Mats for Medium Pile Carpets,44.4,2,0.6,-52.17,Store
900669,CA-2015-600668,6/16/2014,6/20/2014,Standard Class,JE-15715,Joe Elijah,Consumer,United States,Monroe,North Carolina,28110,South,FUR-BO-10000468,Furniture,Bookcases,O'Sullivan 2-Shelf Heavy-Duty Bookcases,77.728,2,0.2,-3.8864,Telesales
900670,CA-2015-600669,10/24/2014,10/25/2014,First Class,AH-10075,Adam Hart,Corporate,United States,Cranston,Rhode Island,2920,East,FUR-FU-10000277,Furniture,Furnishings,Deflect-o DuraMat Antistatic Studded Beveled Mat for Medium Pile Carpeting,210.68,2,0.0,50.5632,Online
900671,CA-2015-600670,3/14/2014,3/18/2014,Standard Class,MT-17815,Meg Tillman,Consumer,United States,New York City,New York,10011,East,TEC-PH-10001809,Technology,Phones,Panasonic KX T7736-B Digital phone,299.9,2,0.0,74.975,Store
900672,CA-2015-600671,8/13/2014,8/16/2014,First Class,JM-16195,Justin MacKendrick,Consumer,United States,Lake Forest,California,92630,West,FUR-FU-10001473,Furniture,Furnishings,DAX Wood Document Frame,54.92,4,0.0,19.7712,Online
900673,CA-2015-600672,12/6/2014,12/7/2014,First Class,PB-18805,Patrick Bzostek,Home Office,United States,Seattle,Washington,98115,West,OFF-BI-10001543,Office Supplies,Binders,GBC VeloBinder Manual Binding System,172.752,6,0.2,60.4632,Store
900674,CA-2015-600673,7/31/2014,8/4/2014,Second Class,JL-15835,John Lee,Consumer,United States,Mission Viejo,California,92691,West,OFF-LA-10002787,Office Supplies,Labels,Avery 480,26.25,7,0.0,12.6,Store
900675,CA-2015-600674,11/7/2014,11/14/2014,Standard Class,AB-10060,Adam Bellavance,Home Office,United States,Seattle,Washington,98105,West,FUR-TA-10004575,Furniture,Tables,Hon 5100 Series Wood Tables,2036.86,7,0.0,366.6348,Online
900676,CA-2015-600675,7/22/2014,7/25/2014,Second Class,KL-16555,Kelly Lampkin,Corporate,United States,Aurora,Illinois,60505,Central,OFF-BI-10004224,Office Supplies,Binders,Catalog Binders with Expanding Posts,94.192,7,0.8,-164.836,Telesales
900677,CA-2015-600676,7/15/2014,7/19/2014,Standard Class,JL-15835,John Lee,Consumer,United States,Columbus,Ohio,43229,East,FUR-FU-10002937,Furniture,Furnishings,"GE 48"" Fluorescent Tube, Cool White Energy Saver, 34 Watts, 30/Box",396.92,5,0.2,148.845,Telesales
900678,CA-2015-600677,9/3/2014,9/8/2014,Second Class,TB-21055,Ted Butterfield,Consumer,United States,Meriden,Connecticut,6450,East,OFF-PA-10002499,Office Supplies,Paper,Xerox 1890,146.82,3,0.0,73.41,Telesales
900679,CA-2015-600678,7/21/2014,7/26/2014,Standard Class,EM-13825,Elizabeth Moffitt,Corporate,United States,Sioux Falls,South Dakota,57103,Central,OFF-AP-10002118,Office Supplies,Appliances,"1.7 Cubic Foot Compact ""Cube"" Office Refrigerators",416.32,2,0.0,112.4064,Online
900680,CA-2015-600679,5/21/2014,5/23/2014,Second Class,NC-18340,Nat Carroll,Consumer,United States,Fargo,North Dakota,58103,Central,OFF-AR-10001953,Office Supplies,Art,Boston 1645 Deluxe Heavier-Duty Electric Pencil Sharpener,131.94,3,0.0,35.6238,Store
900681,CA-2015-600680,11/25/2014,12/1/2014,Standard Class,JG-15310,Jason Gross,Corporate,United States,Odessa,Texas,79762,Central,OFF-AP-10002311,Office Supplies,Appliances,"Holmes Replacement Filter for HEPA Air Cleaner, Very Large Room, HEPA Filter",13.762,1,0.8,-24.7716,Online
900682,CA-2015-600681,10/27/2014,11/1/2014,Standard Class,JF-15190,Jamie Frazer,Consumer,United States,Philadelphia,Pennsylvania,19134,East,OFF-LA-10001404,Office Supplies,Labels,Avery 517,14.76,5,0.2,4.9815,Telesales
900683,CA-2015-600682,5/15/2014,5/15/2014,Same Day,PJ-19015,Pauline Johnson,Consumer,United States,Santa Ana,California,92704,West,FUR-FU-10000794,Furniture,Furnishings,"Eldon Stackable Tray, Side-Load, Legal, Smoke",18.28,2,0.0,6.2152,Store
900684,CA-2015-600683,12/1/2014,12/8/2014,Standard Class,SC-20380,Shahid Collister,Consumer,United States,Burlington,North Carolina,27217,South,TEC-AC-10002001,Technology,Accessories,Logitech Wireless Gaming Headset G930,383.976,3,0.2,81.5949,Telesales
900685,CA-2015-600684,4/15/2014,4/18/2014,First Class,AB-10165,Alan Barnes,Consumer,United States,Toledo,Ohio,43615,East,OFF-AR-10003560,Office Supplies,Art,Zebra Zazzle Fluorescent Highlighters,14.592,3,0.2,2.5536,Telesales
900686,CA-2015-600685,10/22/2014,10/25/2014,First Class,MD-17860,Michael Dominguez,Corporate,United States,Indianapolis,Indiana,46203,Central,OFF-ST-10002743,Office Supplies,Storage,SAFCO Boltless Steel Shelving,909.12,8,0.0,9.0912,Store
900687,CA-2015-600686,6/13/2014,6/17/2014,Standard Class,HG-15025,Hunter Glantz,Consumer,United States,Marion,Ohio,43302,East,TEC-AC-10004469,Technology,Accessories,Microsoft Sculpt Comfort Mouse,63.92,2,0.2,19.176,Telesales
900688,CA-2015-600687,10/24/2014,10/29/2014,Standard Class,RB-19330,Randy Bradley,Consumer,United States,Austin,Texas,78745,Central,OFF-BI-10000962,Office Supplies,Binders,"Acco Flexible ACCOHIDE Square Ring Data Binder, Dark Blue, 11 1/2"" X 14"" 7/8""",9.762,3,0.8,-15.1311,Telesales
900689,CA-2015-600688,6/25/2014,6/29/2014,Standard Class,SC-20575,Sonia Cooley,Consumer,United States,Cranston,Rhode Island,2920,East,OFF-BI-10002735,Office Supplies,Binders,GBC Prestige Therm-A-Bind Covers,102.93,3,0.0,48.3771,Store
900690,CA-2015-600689,6/16/2014,6/21/2014,Standard Class,TS-21205,Thomas Seio,Corporate,United States,Nashville,Tennessee,37211,South,OFF-PA-10000312,Office Supplies,Paper,Xerox 1955,91.36,5,0.2,29.692,Store
900691,CA-2015-600690,11/21/2014,11/26/2014,Standard Class,KA-16525,Kelly Andreada,Consumer,United States,Ontario,California,91761,West,FUR-CH-10003956,Furniture,Chairs,Novimex High-Tech Fabric Mesh Task Chair,283.92,5,0.2,-46.137,Online
900692,CA-2015-600691,11/14/2014,11/17/2014,First Class,KB-16600,Ken Brennan,Corporate,United States,New York City,New York,10009,East,TEC-PH-10004389,Technology,Phones,Nokia Lumia 925,629.95,5,0.0,163.787,Telesales
900693,CA-2015-600692,11/13/2014,11/19/2014,Standard Class,LS-16975,Lindsay Shagiari,Home Office,United States,Dallas,Texas,75081,Central,OFF-BI-10000666,Office Supplies,Binders,Surelock Post Binders,30.56,5,0.8,-45.84,Store
900694,CA-2015-600693,9/6/2013,9/10/2013,Standard Class,DB-13210,Dean Braden,Consumer,United States,Philadelphia,Pennsylvania,19134,East,FUR-CH-10000309,Furniture,Chairs,Global Comet Stacking Arm Chair,931.6346,3,0.0,-66.5453,Online
900695,CA-2015-600694,11/14/2014,11/17/2014,First Class,CS-12400,Christopher Schild,Home Office,United States,Chicago,Illinois,60623,Central,OFF-ST-10003656,Office Supplies,Storage,Safco Industrial Wire Shelving,230.376,3,0.2,-48.9549,Store
900696,CA-2015-600695,10/20/2014,10/26/2014,Standard Class,HM-14860,Harry Marie,Corporate,United States,Philadelphia,Pennsylvania,19120,East,TEC-PH-10001336,Technology,Phones,Digium D40 VoIP phone,309.576,4,0.4,-56.7556,Online
900697,CA-2015-600696,10/23/2014,10/29/2014,Standard Class,ML-17395,Marina Lichtenstein,Corporate,United States,Philadelphia,Pennsylvania,19134,East,TEC-PH-10003988,Technology,Phones,"LF Elite 3D Dazzle Designer Hard Case Cover, Lf Stylus Pen and Wiper For Apple Iphone 5c Mini Lite",32.7,5,0.4,-6.54,Online
900698,CA-2015-600697,4/2/2014,4/5/2014,Second Class,AS-10090,Adam Shillingsburg,Consumer,United States,Springfield,Missouri,65807,Central,OFF-ST-10000649,Office Supplies,Storage,Hanging Personal Folder File,94.2,6,0.0,23.55,Store
900699,CA-2015-600698,7/18/2014,7/20/2014,Second Class,AJ-10795,Anthony Johnson,Corporate,United States,Apple Valley,California,92307,West,OFF-ST-10002957,Office Supplies,Storage,Sterilite Show Offs Storage Containers,10.56,2,0.0,0.0,Telesales
900700,CA-2015-600699,11/29/2014,12/5/2014,Standard Class,LS-16975,Lindsay Shagiari,Home Office,United States,Baltimore,Maryland,21215,East,FUR-FU-10004270,Furniture,Furnishings,"Eldon Image Series Desk Accessories, Burgundy",20.9,5,0.0,7.524,Telesales
900701,CA-2015-600700,8/27/2014,9/2/2014,Standard Class,DP-13000,Darren Powers,Consumer,United States,Chicago,Illinois,60610,Central,FUR-FU-10000222,Furniture,Furnishings,"Seth Thomas 16"" Steel Case Clock",64.96,5,0.6,-43.848,Telesales
900702,CA-2015-600701,8/15/2014,8/17/2014,Second Class,NP-18700,Nora Preis,Consumer,United States,San Francisco,California,94109,West,OFF-AR-10000246,Office Supplies,Art,Newell 318,16.68,6,0.0,4.3368,Store
900703,CA-2015-600702,7/16/2014,7/19/2014,Second Class,MM-18055,Michelle Moray,Consumer,United States,New York City,New York,10024,East,FUR-CH-10002084,Furniture,Chairs,Hon Mobius Operator's Chair,664.146,6,0.1,88.5528,Store
900704,CA-2015-600703,6/5/2014,6/9/2014,Standard Class,DC-12850,Dan Campbell,Consumer,United States,Florence,Alabama,35630,South,OFF-PA-10002870,Office Supplies,Paper,"Ampad Phone Message Book, Recycled, 400 Message Capacity, 5 ¾” x 11”",12.48,2,0.0,5.616,Store
900705,CA-2015-600704,5/13/2014,5/19/2014,Standard Class,CS-12175,Charles Sheldon,Corporate,United States,San Francisco,California,94122,West,OFF-SU-10000157,Office Supplies,Supplies,Compact Automatic Electric Letter Opener,238.62,2,0.0,4.7724,Online
900706,CA-2015-600705,5/7/2014,5/7/2014,Same Day,MB-18085,Mick Brown,Consumer,United States,Charlotte,North Carolina,28205,South,OFF-LA-10003510,Office Supplies,Labels,"Avery 4027 File Folder Labels for Dot Matrix Printers, 5000 Labels per Box, White",122.12,5,0.2,39.689,Store
900707,CA-2015-600706,12/8/2014,12/15/2014,Standard Class,TC-21535,Tracy Collins,Home Office,United States,San Francisco,California,94122,West,OFF-PA-10000380,Office Supplies,Paper,"REDIFORM Incoming/Outgoing Call Register, 11"" X 8 1/2"", 100 Messages",50.04,6,0.0,25.02,Telesales
900708,CA-2015-600707,6/11/2013,6/16/2013,Standard Class,OT-18730,Olvera Toch,Consumer,United States,Los Angeles,California,90045,West,OFF-PA-10003441,Office Supplies,Paper,Xerox 226,34.02,5,0.0,16.3296,Telesales
900709,CA-2015-600708,5/30/2014,6/3/2014,Standard Class,JO-15550,Jesus Ocampo,Home Office,United States,Omaha,Nebraska,68104,Central,OFF-FA-10004395,Office Supplies,Fasteners,Plymouth Boxed Rubber Bands by Plymouth,23.55,5,0.0,1.1775,Telesales
900710,CA-2015-600709,7/19/2014,7/24/2014,Standard Class,ML-17410,Maris LaWare,Consumer,United States,Phoenix,Arizona,85023,West,FUR-TA-10001932,Furniture,Tables,"Chromcraft 48"" x 96"" Racetrack Double Pedestal Table",801.6,5,0.5,-448.896,Store
900711,CA-2015-600710,3/8/2014,3/13/2014,Standard Class,MG-17890,Michael Granlund,Home Office,United States,Clinton,Maryland,20735,East,TEC-AC-10004510,Technology,Accessories,Logitech Desktop MK120 Mouse and keyboard Combo,49.08,3,0.0,4.908,Store
900712,CA-2015-600711,12/6/2014,12/12/2014,Standard Class,SM-20950,Suzanne McNair,Corporate,United States,New York City,New York,10011,East,FUR-FU-10001487,Furniture,Furnishings,"Eldon Expressions Wood and Plastic Desk Accessories, Cherry Wood",20.94,3,0.0,6.0726,Telesales
900713,CA-2015-600712,11/24/2014,11/27/2014,Second Class,JM-15265,Janet Molinari,Corporate,United States,Canton,Michigan,48187,Central,FUR-FU-10003347,Furniture,Furnishings,Coloredge Poster Frame,28.4,2,0.0,11.076,Store
900714,CA-2015-600713,4/12/2014,4/17/2014,Standard Class,HM-14980,Henry MacAllister,Consumer,United States,Burlington,North Carolina,27217,South,OFF-AR-10000127,Office Supplies,Art,Newell 321,20.992,8,0.2,2.3616,Online
900715,CA-2015-600714,12/18/2014,12/24/2014,Standard Class,AT-10735,Annie Thurman,Consumer,United States,New York City,New York,10009,East,OFF-BI-10001617,Office Supplies,Binders,GBC Wire Binding Combs,24.816,3,0.2,8.3754,Telesales
900716,CA-2015-600715,5/14/2014,5/18/2014,Standard Class,BM-11650,Brian Moss,Corporate,United States,Columbus,Indiana,47201,Central,OFF-BI-10004632,Office Supplies,Binders,Ibico Hi-Tech Manual Binding System,914.97,3,0.0,411.7365,Store
900717,CA-2015-600716,9/1/2014,9/6/2014,Standard Class,JF-15490,Jeremy Farry,Consumer,United States,Tempe,Arizona,85281,West,OFF-FA-10000585,Office Supplies,Fasteners,OIC Bulk Pack Metal Binder Clips,8.376,3,0.2,2.7222,Store
900718,CA-2015-600717,12/26/2014,12/29/2014,First Class,JH-15430,Jennifer Halladay,Consumer,United States,Hialeah,Florida,33012,South,TEC-MA-10004626,Technology,Machines,Lexmark 20R1285 X6650 Wireless All-in-One Printer,120.0,2,0.5,-7.2,Store
900719,CA-2015-600718,9/23/2014,9/25/2014,Second Class,LC-17140,Logan Currie,Consumer,United States,New York City,New York,10035,East,FUR-FU-10004864,Furniture,Furnishings,Eldon 500 Class Desk Accessories,12.07,1,0.0,3.9831,Store
900720,CA-2015-600719,1/3/2014,1/5/2014,Second Class,TS-21655,Trudy Schmidt,Consumer,United States,El Paso,Texas,79907,Central,FUR-TA-10002958,Furniture,Tables,"Bevis Oval Conference Table, Walnut",913.43,5,0.3,-169.637,Store
900721,CA-2015-600720,11/22/2014,11/25/2014,First Class,CC-12475,Cindy Chapman,Consumer,United States,Philadelphia,Pennsylvania,19143,East,OFF-ST-10002444,Office Supplies,Storage,Recycled Eldon Regeneration Jumbo File,39.296,4,0.2,3.9296,Telesales
900722,CA-2015-600721,10/18/2014,10/20/2014,Second Class,AJ-10960,Astrea Jones,Consumer,United States,San Diego,California,92037,West,OFF-AR-10001770,Office Supplies,Art,Economy #2 Pencils,10.64,4,0.0,2.7664,Online
900723,CA-2015-600722,5/16/2014,5/21/2014,Standard Class,JF-15295,Jason Fortune-,Consumer,United States,Seattle,Washington,98103,West,FUR-CH-10004287,Furniture,Chairs,SAFCO Arco Folding Chair,220.96,1,0.2,24.858,Telesales
900724,CA-2015-600723,10/6/2014,10/11/2014,Standard Class,GG-14650,Greg Guthrie,Corporate,United States,Chico,California,95928,West,FUR-TA-10004086,Furniture,Tables,KI Adjustable-Height Table,206.352,3,0.2,5.1588,Telesales
900725,CA-2015-600724,10/7/2014,10/12/2014,Standard Class,NZ-18565,Nick Zandusky,Home Office,United States,Meridian,Idaho,83642,West,FUR-FU-10003247,Furniture,Furnishings,36X48 HARDFLOOR CHAIRMAT,41.96,2,0.0,2.9372,Telesales
900726,CA-2015-600725,3/24/2014,3/26/2014,First Class,RB-19360,Raymond Buch,Consumer,United States,Seattle,Washington,98115,West,OFF-ST-10001558,Office Supplies,Storage,Acco Perma 4000 Stacking Storage Drawers,32.48,2,0.0,4.872,Store
900727,CA-2015-600726,12/9/2014,12/11/2014,Second Class,DL-13315,Delfina Latchford,Consumer,United States,New York City,New York,10035,East,FUR-FU-10004952,Furniture,Furnishings,"C-Line Cubicle Keepers Polyproplyene Holder w/Velcro Back, 8-1/2x11, 25/Bx",109.48,2,0.0,33.9388,Store
900728,CA-2015-600727,8/18/2014,8/25/2014,Standard Class,RW-19540,Rick Wilson,Corporate,United States,Brentwood,California,94513,West,OFF-AP-10001058,Office Supplies,Appliances,Sanyo 2.5 Cubic Foot Mid-Size Office Refrigerators,2518.29,9,0.0,654.7554,Telesales
900729,CA-2015-600728,5/24/2014,5/28/2014,Standard Class,KL-16645,Ken Lonsdale,Consumer,United States,Houston,Texas,77095,Central,OFF-FA-10000840,Office Supplies,Fasteners,OIC Thumb-Tacks,1.824,2,0.2,0.6156,Store
900730,CA-2015-600729,6/9/2014,6/15/2014,Standard Class,LW-17125,Liz Willingham,Consumer,United States,Norwich,Connecticut,6360,East,OFF-BI-10004040,Office Supplies,Binders,Wilson Jones Impact Binders,10.36,2,0.0,5.0764,Store
900731,CA-2015-600730,12/9/2014,12/16/2014,Standard Class,EG-13900,Emily Grady,Consumer,United States,Philadelphia,Pennsylvania,19140,East,FUR-CH-10003396,Furniture,Chairs,Global Deluxe Steno Chair,215.544,4,0.3,-58.5048,Telesales
900732,CA-2015-600731,11/20/2014,11/26/2014,Standard Class,JH-15430,Jennifer Halladay,Consumer,United States,Cleveland,Ohio,44105,East,OFF-BI-10003984,Office Supplies,Binders,Lock-Up Easel 'Spel-Binder',59.913,7,0.7,-45.9333,Telesales
900733,CA-2015-600732,11/12/2014,11/14/2014,First Class,PG-18820,Patrick Gardner,Consumer,United States,Dallas,Texas,75081,Central,TEC-PH-10004531,Technology,Phones,OtterBox Commuter Series Case - iPhone 5 & 5s,35.184,2,0.2,12.3144,Telesales
900734,CA-2015-600733,12/1/2014,12/5/2014,Standard Class,VP-21730,Victor Preis,Home Office,United States,New York City,New York,10011,East,OFF-ST-10001809,Office Supplies,Storage,Fellowes Officeware Wire Shelving,269.49,3,0.0,5.3898,Telesales
900735,CA-2015-600734,6/13/2014,6/20/2014,Standard Class,ME-17320,Maria Etezadi,Home Office,United States,Columbus,Georgia,31907,South,OFF-BI-10000977,Office Supplies,Binders,Ibico Plastic Spiral Binding Combs,91.2,3,0.0,41.952,Store
900736,CA-2015-600735,10/31/2014,11/2/2014,First Class,RD-19810,Ross DeVincentis,Home Office,United States,Richmond,Kentucky,40475,South,OFF-SU-10002573,Office Supplies,Supplies,"Acme 10"" Easy Grip Assistive Scissors",35.06,2,0.0,10.518,Telesales
900737,CA-2015-600736,8/24/2014,8/27/2014,Second Class,PO-18850,Patrick O'Brill,Consumer,United States,Tallahassee,Florida,32303,South,OFF-PA-10000141,Office Supplies,Paper,"Ampad Evidence Wirebond Steno Books, 6"" x 9""",8.72,5,0.2,2.943,Telesales
900738,CA-2015-600737,5/8/2014,5/13/2014,Standard Class,AB-10060,Adam Bellavance,Home Office,United States,Los Angeles,California,90004,West,TEC-AC-10000736,Technology,Accessories,Logitech G600 MMO Gaming Mouse,79.99,1,0.0,28.7964,Telesales
900739,CA-2015-600738,11/11/2014,11/17/2014,Standard Class,FH-14275,Frank Hawley,Corporate,United States,New York City,New York,10024,East,OFF-BI-10003925,Office Supplies,Binders,Fellowes PB300 Plastic Comb Binding Machine,931.176,3,0.2,314.2719,Telesales
900740,CA-2015-600739,8/18/2014,8/25/2014,Standard Class,ED-13885,Emily Ducich,Home Office,United States,Houston,Texas,77095,Central,FUR-CH-10002017,Furniture,Chairs,SAFCO Optional Arm Kit for Workspace Cribbage Stacking Chair,74.592,4,0.3,-2.1312,Telesales
900741,CA-2015-600740,10/24/2014,10/30/2014,Standard Class,JC-16105,Julie Creighton,Corporate,United States,Rochester,New York,14609,East,TEC-PH-10001552,Technology,Phones,I Need's 3d Hello Kitty Hybrid Silicone Case Cover for HTC One X 4g with 3d Hello Kitty Stylus Pen Green/pink,35.88,3,0.0,10.0464,Online
900742,CA-2015-600741,4/28/2014,5/2/2014,Standard Class,CV-12805,Cynthia Voltz,Corporate,United States,Fort Worth,Texas,76106,Central,FUR-BO-10002268,Furniture,Bookcases,Sauder Barrister Bookcases,220.2656,4,0.32,-42.1096,Store
900743,CA-2015-600742,8/12/2014,8/14/2014,First Class,SF-20965,Sylvia Foulston,Corporate,United States,Bedford,Texas,76021,Central,OFF-PA-10001776,Office Supplies,Paper,"Wirebound Message Books, Four 2 3/4"" x 5"" Forms per Page, 600 Sets per Book",29.664,4,0.2,10.0116,Online
900744,CA-2015-600743,5/7/2014,5/10/2014,Second Class,TS-21655,Trudy Schmidt,Consumer,United States,Rancho Cucamonga,California,91730,West,OFF-AP-10001271,Office Supplies,Appliances,Eureka The Boss Cordless Rechargeable Stick Vac,152.94,3,0.0,41.2938,Store
900745,CA-2015-600744,3/19/2014,3/23/2014,Standard Class,BP-11050,Barry Pond,Corporate,United States,Los Angeles,California,90008,West,OFF-AR-10002766,Office Supplies,Art,Prang Drawing Pencil Set,13.9,5,0.0,3.753,Store
900746,CA-2015-600745,9/3/2014,9/7/2014,Standard Class,AH-10210,Alan Hwang,Consumer,United States,Henderson,Kentucky,42420,South,OFF-BI-10003650,Office Supplies,Binders,GBC DocuBind 300 Electric Binding Machine,1577.94,3,0.0,757.4112,Store
900747,CA-2015-600746,2/7/2014,2/12/2014,Standard Class,BD-11770,Bryan Davis,Consumer,United States,New York City,New York,10024,East,FUR-BO-10001811,Furniture,Bookcases,"Atlantic Metals Mobile 5-Shelf Bookcases, Custom Colors",240.784,1,0.2,30.098,Telesales
900748,CA-2015-600747,8/24/2014,8/27/2014,Second Class,PO-18850,Patrick O'Brill,Consumer,United States,Tallahassee,Florida,32303,South,OFF-PA-10000241,Office Supplies,Paper,"IBM Multi-Purpose Copy Paper, 8 1/2 x 11"", Case",49.568,2,0.2,15.49,Online
900749,CA-2015-600748,2/18/2014,2/24/2014,Standard Class,GH-14410,Gary Hansen,Home Office,United States,Perth Amboy,New Jersey,8861,East,OFF-ST-10003123,Office Supplies,Storage,Fellowes Bases and Tops For Staxonsteel/High-Stak Systems,166.45,5,0.0,39.948,Online
900750,CA-2015-600749,9/9/2014,9/14/2014,Second Class,EM-14095,Eudokia Martin,Corporate,United States,New York City,New York,10024,East,OFF-ST-10001031,Office Supplies,Storage,Adjustable Personal File Tote,65.12,4,0.0,16.9312,Telesales
900751,CA-2015-600750,6/18/2014,6/22/2014,Standard Class,SR-20740,Steven Roelle,Home Office,United States,New York City,New York,10024,East,TEC-MA-10003673,Technology,Machines,Hewlett-Packard Desktjet 6988DT Refurbished Printer,3404.5,5,0.0,1668.205,Online
900752,CA-2015-600751,6/11/2014,6/16/2014,Standard Class,BD-11320,Bill Donatelli,Consumer,United States,Seattle,Washington,98103,West,OFF-ST-10001228,Office Supplies,Storage,Personal File Boxes with Fold-Down Carry Handle,15.58,1,0.0,3.895,Online
900753,CA-2015-600752,8/14/2014,8/19/2014,Standard Class,DC-12850,Dan Campbell,Consumer,United States,Memphis,Tennessee,38109,South,TEC-AC-10003709,Technology,Accessories,Maxell 4.7GB DVD-R 5/Pack,1.584,2,0.2,0.4752,Store
900754,CA-2015-600753,9/17/2014,9/19/2014,First Class,AS-10090,Adam Shillingsburg,Consumer,United States,Philadelphia,Pennsylvania,19143,East,OFF-BI-10001359,Office Supplies,Binders,GBC DocuBind TL300 Electric Binding System,538.194,2,0.7,-412.6154,Telesales
900755,CA-2015-600754,8/13/2014,8/20/2014,Standard Class,DK-12895,Dana Kaydos,Consumer,United States,Seattle,Washington,98103,West,OFF-BI-10004308,Office Supplies,Binders,Avery Legal 4-Ring Binder,100.704,6,0.2,37.764,Online
900756,CA-2015-600755,12/5/2014,12/7/2014,First Class,CS-12250,Chris Selesnick,Corporate,United States,Los Angeles,California,90032,West,OFF-PA-10001838,Office Supplies,Paper,"Adams Telephone Message Book W/Dividers/Space For Phone Numbers, 5 1/4""X8 1/2"", 300/Messages",11.76,2,0.0,5.7624,Store
900757,CA-2015-600756,1/22/2013,1/28/2013,Standard Class,AJ-10795,Anthony Johnson,Corporate,United States,Seattle,Washington,98115,West,FUR-FU-10001475,Furniture,Furnishings,"Contract Clock, 14"", Brown",115.395,5,0.0,39.2343,Telesales
900758,CA-2015-600757,11/3/2014,11/7/2014,Standard Class,KM-16225,Kalyca Meade,Corporate,United States,Overland Park,Kansas,66212,Central,OFF-AR-10004685,Office Supplies,Art,"Binney & Smith Crayola Metallic Colored Pencils, 8-Color Set",27.78,6,0.0,9.1674,Telesales
900759,CA-2015-600758,6/22/2014,6/26/2014,Standard Class,EH-14125,Eugene Hildebrand,Home Office,United States,Wheeling,West Virginia,26003,East,OFF-PA-10001970,Office Supplies,Paper,Xerox 1908,447.84,8,0.0,219.4416,Store
900760,CA-2015-600759,11/19/2014,11/24/2014,Standard Class,JW-15220,Jane Waco,Corporate,United States,Lakewood,Ohio,44107,East,OFF-AR-10001860,Office Supplies,Art,BIC Liqua Brite Liner,38.864,7,0.2,7.7728,Store
900761,CA-2015-600760,7/22/2014,7/27/2014,Standard Class,SW-20350,Sean Wendt,Home Office,United States,Cleveland,Ohio,44105,East,OFF-BI-10001670,Office Supplies,Binders,Vinyl Sectional Post Binders,33.93,3,0.7,-22.62,Store
900762,CA-2015-600761,7/21/2014,7/27/2014,Standard Class,CS-11950,Carlos Soltero,Consumer,United States,Chicago,Illinois,60610,Central,FUR-FU-10001475,Furniture,Furnishings,"Contract Clock, 14"", Brown",8.792,1,0.6,-5.7148,Store
900763,CA-2015-600762,2/18/2014,2/23/2014,Standard Class,JK-16120,Julie Kriz,Home Office,United States,Chicago,Illinois,60653,Central,TEC-PH-10002789,Technology,Phones,LG Exalt,124.792,1,0.2,10.9193,Store
900764,CA-2015-600763,11/18/2014,11/22/2014,Standard Class,CC-12370,Christopher Conant,Consumer,United States,New York City,New York,10011,East,FUR-FU-10004091,Furniture,Furnishings,"Howard Miller 13"" Diameter Goldtone Round Wall Clock",187.76,4,0.0,76.9816,Telesales
900765,CA-2015-600764,3/18/2014,3/23/2014,Second Class,DB-13405,Denny Blanton,Consumer,United States,New York City,New York,10011,East,OFF-ST-10000344,Office Supplies,Storage,"Neat Ideas Personal Hanging Folder Files, Black",107.44,8,0.0,27.9344,Online
900766,CA-2015-600765,8/22/2014,8/26/2014,Second Class,CM-11815,Candace McMahon,Corporate,United States,Seattle,Washington,98115,West,TEC-AC-10000682,Technology,Accessories,Kensington K72356US Mouse-in-a-Box USB Desktop Mouse,33.18,2,0.0,11.613,Telesales
900767,CA-2015-600766,3/17/2014,3/22/2014,Standard Class,KD-16615,Ken Dana,Corporate,United States,Los Angeles,California,90032,West,OFF-AP-10001154,Office Supplies,Appliances,Bionaire Personal Warm Mist Humidifier/Vaporizer,140.67,3,0.0,54.8613,Telesales
900768,CA-2015-600767,9/8/2014,9/13/2014,Standard Class,DM-12955,Dario Medina,Corporate,United States,Nashville,Tennessee,37211,South,OFF-AP-10001271,Office Supplies,Appliances,Eureka The Boss Cordless Rechargeable Stick Vac,81.568,2,0.2,7.1372,Online
900769,CA-2015-600768,2/26/2014,3/2/2014,Standard Class,SW-20245,Scot Wooten,Consumer,United States,Greenville,North Carolina,27834,South,FUR-BO-10004709,Furniture,Bookcases,"Bush Westfield Collection Bookcases, Medium Cherry Finish",231.92,5,0.2,5.798,Online
900770,CA-2015-600769,12/23/2014,12/26/2014,First Class,TP-21130,Theone Pippenger,Consumer,United States,Detroit,Michigan,48227,Central,TEC-AC-10001114,Technology,Accessories,Microsoft Wireless Mobile Mouse 4000,199.95,5,0.0,63.984,Store
900771,CA-2015-600770,3/29/2014,4/1/2014,First Class,DH-13075,Dave Hallsten,Corporate,United States,Fairfield,California,94533,West,OFF-ST-10002743,Office Supplies,Storage,SAFCO Boltless Steel Shelving,795.48,7,0.0,7.9548,Store
900772,CA-2015-600771,11/7/2014,11/10/2014,Second Class,JF-15565,Jill Fjeld,Consumer,United States,Fayetteville,North Carolina,28314,South,OFF-PA-10001800,Office Supplies,Paper,Xerox 220,31.104,6,0.2,10.8864,Online
900773,CA-2015-600772,4/1/2014,4/3/2014,Second Class,JE-15610,Jim Epp,Corporate,United States,Atlanta,Georgia,30318,South,OFF-BI-10000474,Office Supplies,Binders,Avery Recycled Flexi-View Covers for Binding Systems,64.12,4,0.0,30.7776,Store
900774,CA-2015-600773,1/31/2014,2/7/2014,Standard Class,EH-14125,Eugene Hildebrand,Home Office,United States,San Francisco,California,94110,West,OFF-AR-10003759,Office Supplies,Art,"Crayola Anti Dust Chalk, 12/Pack",12.74,7,0.0,5.733,Store
900775,CA-2015-600774,6/23/2014,6/27/2014,Standard Class,RB-19465,Rick Bensley,Home Office,United States,Detroit,Michigan,48227,Central,FUR-CH-10000454,Furniture,Chairs,"Hon Deluxe Fabric Upholstered Stacking Chairs, Rounded Back",487.96,2,0.0,146.388,Store
900776,CA-2015-600775,6/20/2014,6/26/2014,Standard Class,FO-14305,Frank Olsen,Consumer,United States,Dallas,Texas,75220,Central,OFF-ST-10003656,Office Supplies,Storage,Safco Industrial Wire Shelving,153.584,2,0.2,-32.6366,Telesales
900777,CA-2015-600776,6/2/2014,6/7/2014,Standard Class,BW-11065,Barry Weirich,Consumer,United States,Philadelphia,Pennsylvania,19120,East,OFF-ST-10002756,Office Supplies,Storage,"Tennsco Stur-D-Stor Boltless Shelving, 5 Shelves, 24"" Deep, Sand",324.744,3,0.2,-77.1267,Online
900778,CA-2015-600777,8/7/2014,8/11/2014,Second Class,SV-20365,Seth Vernon,Consumer,United States,Lafayette,Louisiana,70506,South,FUR-BO-10000468,Furniture,Bookcases,O'Sullivan 2-Shelf Heavy-Duty Bookcases,145.74,3,0.0,23.3184,Telesales
900779,CA-2015-600778,3/12/2014,3/16/2014,Standard Class,PV-18985,Paul Van Hugh,Home Office,United States,Cambridge,Massachusetts,2138,East,TEC-AC-10001772,Technology,Accessories,Memorex Mini Travel Drive 16 GB USB 2.0 Flash Drive,63.88,4,0.0,24.9132,Online
900780,CA-2015-600779,8/5/2014,8/9/2014,Standard Class,HM-14860,Harry Marie,Corporate,United States,Carrollton,Texas,75007,Central,OFF-BI-10002827,Office Supplies,Binders,Avery Durable Poly Binders,3.318,3,0.8,-5.6406,Store
900781,CA-2015-600780,7/28/2014,8/2/2014,Second Class,DK-13375,Dennis Kane,Consumer,United States,Seattle,Washington,98115,West,OFF-PA-10002787,Office Supplies,Paper,Xerox 227,12.96,2,0.0,6.2208,Online
900782,CA-2015-600781,2/18/2014,2/20/2014,First Class,CR-12820,Cyra Reiten,Home Office,United States,Houston,Texas,77041,Central,FUR-BO-10001601,Furniture,Bookcases,"Sauder Mission Library with Doors, Fruitwood Finish",89.0664,1,0.32,-17.0274,Store
900783,CA-2015-600782,9/30/2014,10/3/2014,First Class,PG-18820,Patrick Gardner,Consumer,United States,Bakersfield,California,93309,West,OFF-FA-10002280,Office Supplies,Fasteners,Advantus Plastic Paper Clips,35.0,7,0.0,16.8,Telesales
900784,CA-2015-600783,7/14/2014,7/18/2014,Second Class,MH-17455,Mark Hamilton,Consumer,United States,Philadelphia,Pennsylvania,19140,East,FUR-FU-10002501,Furniture,Furnishings,Nu-Dell Executive Frame,91.008,9,0.2,19.3392,Store
900785,CA-2015-600784,5/30/2014,6/5/2014,Standard Class,GT-14755,Guy Thornton,Consumer,United States,Harlingen,Texas,78550,Central,OFF-ST-10002205,Office Supplies,Storage,File Shuttle I and Handi-File,53.424,3,0.2,4.6746,Online
900786,CA-2015-600785,12/11/2014,12/13/2014,First Class,BT-11680,Brian Thompson,Consumer,United States,Fort Lauderdale,Florida,33311,South,FUR-FU-10001940,Furniture,Furnishings,Staples,19.104,3,0.2,5.7312,Telesales
900787,CA-2015-600786,12/22/2014,12/28/2014,Standard Class,SE-20110,Sanjit Engle,Consumer,United States,Costa Mesa,California,92627,West,OFF-ST-10004340,Office Supplies,Storage,"Fellowes Mobile File Cart, Black",124.36,2,0.0,33.5772,Online
900788,CA-2015-600787,11/11/2014,11/12/2014,First Class,AB-10600,Ann Blume,Corporate,United States,Tucson,Arizona,85705,West,FUR-CH-10003312,Furniture,Chairs,Hon 2090 “Pillow Soft” Series Mid Back Swivel/Tilt Chairs,899.136,4,0.2,-146.1096,Online
900789,CA-2015-600788,4/24/2014,4/26/2014,Second Class,JF-15355,Jay Fein,Consumer,United States,Pasadena,California,91104,West,FUR-FU-10002445,Furniture,Furnishings,"DAX Two-Tone Rosewood/Black Document Frame, Desktop, 5 x 7",66.36,7,0.0,26.544,Online
900790,CA-2015-600789,4/9/2014,4/13/2014,Standard Class,AH-10120,Adrian Hane,Home Office,United States,San Francisco,California,94110,West,OFF-PA-10001878,Office Supplies,Paper,Xerox 1891,244.55,5,0.0,114.9385,Telesales
900791,CA-2015-600790,2/25/2014,3/1/2014,Standard Class,CB-12415,Christy Brittain,Consumer,United States,Philadelphia,Pennsylvania,19134,East,OFF-BI-10004970,Office Supplies,Binders,"ACCOHIDE 3-Ring Binder, Blue, 1""",4.956,4,0.7,-3.7996,Store
900792,CA-2015-600791,9/27/2014,9/27/2014,Same Day,RA-19885,Ruben Ausman,Corporate,United States,San Francisco,California,94109,West,FUR-FU-10003829,Furniture,Furnishings,Stackable Trays,9.24,3,0.0,2.9568,Online
900793,CA-2015-600792,5/19/2014,5/23/2014,Standard Class,BM-11575,Brendan Murry,Corporate,United States,Chicago,Illinois,60653,Central,FUR-FU-10004973,Furniture,Furnishings,Flat Face Poster Frame,22.608,3,0.6,-10.1736,Telesales
900794,CA-2015-600793,9/8/2014,9/14/2014,Standard Class,NF-18595,Nicole Fjeld,Home Office,United States,Chicago,Illinois,60610,Central,OFF-PA-10001685,Office Supplies,Paper,Staples,73.008,9,0.2,26.4654,Online
900795,CA-2015-600794,4/3/2014,4/8/2014,Standard Class,JF-15190,Jamie Frazer,Consumer,United States,Los Angeles,California,90008,West,FUR-FU-10003724,Furniture,Furnishings,Westinghouse Clip-On Gooseneck Lamps,25.11,3,0.0,6.5286,Online
900796,CA-2015-600795,12/1/2014,12/5/2014,Standard Class,SW-20275,Scott Williamson,Consumer,United States,Jackson,Mississippi,39212,South,OFF-ST-10000604,Office Supplies,Storage,Home/Office Personal File Carts,173.8,5,0.0,43.45,Store
900797,CA-2015-600796,8/8/2014,8/13/2014,Standard Class,JW-15955,Joni Wasserman,Consumer,United States,Long Beach,New York,11561,East,OFF-AR-10003602,Office Supplies,Art,"Quartet Omega Colored Chalk, 12/Pack",11.68,2,0.0,5.4896,Store
900798,CA-2015-600797,6/27/2014,7/3/2014,Standard Class,OT-18730,Olvera Toch,Consumer,United States,San Diego,California,92105,West,OFF-ST-10002486,Office Supplies,Storage,Eldon Shelf Savers Cubes and Bins,83.76,12,0.0,1.6752,Telesales
900799,CA-2015-600798,7/22/2014,7/28/2014,Standard Class,AM-10705,Anne McFarland,Consumer,United States,Salem,Virginia,24153,South,OFF-SU-10003505,Office Supplies,Supplies,Premier Electric Letter Opener,231.72,2,0.0,11.586,Online
900800,CA-2015-600799,7/6/2014,7/8/2014,First Class,DK-12835,Damala Kotsonis,Corporate,United States,Fremont,Nebraska,68025,Central,TEC-PH-10002293,Technology,Phones,Anker 36W 4-Port USB Wall Charger Travel Power Adapter for iPhone 5s 5c 5,79.96,4,0.0,22.3888,Store
900801,CA-2015-600800,6/20/2014,6/24/2014,Standard Class,AR-10405,Allen Rosenblatt,Corporate,United States,New York City,New York,10035,East,TEC-AC-10001101,Technology,Accessories,Sony 16GB Class 10 Micro SDHC R40 Memory Card,103.12,8,0.0,10.312,Online
900802,CA-2015-600801,3/11/2014,3/15/2014,Standard Class,MH-18115,Mick Hernandez,Home Office,United States,Chester,Pennsylvania,19013,East,FUR-FU-10003535,Furniture,Furnishings,Howard Miller Distant Time Traveler Alarm Clock,43.872,2,0.2,11.5164,Online
900803,CA-2015-600802,3/20/2014,3/23/2014,First Class,ND-18370,Natalie DeCherney,Consumer,United States,San Francisco,California,94110,West,OFF-BI-10004970,Office Supplies,Binders,"ACCOHIDE 3-Ring Binder, Blue, 1""",19.824,6,0.2,6.6906,Online
900804,CA-2015-600803,5/24/2014,5/28/2014,Standard Class,KL-16645,Ken Lonsdale,Consumer,United States,Houston,Texas,77095,Central,OFF-BI-10001922,Office Supplies,Binders,Storex Dura Pro Binders,1.188,1,0.8,-1.9602,Telesales
900805,CA-2015-600804,11/19/2014,11/19/2014,Same Day,NB-18655,Nona Balk,Corporate,United States,Milwaukee,Wisconsin,53209,Central,OFF-LA-10003720,Office Supplies,Labels,Avery 487,7.38,2,0.0,3.4686,Store
900806,CA-2015-600805,5/1/2014,5/5/2014,Standard Class,MH-18115,Mick Hernandez,Home Office,United States,Sanford,Florida,32771,South,OFF-BI-10000822,Office Supplies,Binders,"Acco PRESSTEX Data Binder with Storage Hooks, Light Blue, 9 1/2"" X 11""",4.842,3,0.7,-3.5508,Online
900807,CA-2015-600806,1/1/2014,1/7/2014,Standard Class,EP-13915,Emily Phan,Consumer,United States,Jacksonville,Florida,32216,South,OFF-AR-10000588,Office Supplies,Art,Newell 345,47.616,3,0.2,3.5712,Online
900808,CA-2015-600807,11/10/2014,11/15/2014,Standard Class,MC-17590,Matt Collister,Corporate,United States,Coachella,California,92236,West,OFF-ST-10002289,Office Supplies,Storage,"Safco Wire Cube Shelving System, For Use as 4 or 5 14"" Cubes, Black",63.56,2,0.0,3.178,Telesales
900809,CA-2015-600808,11/5/2014,11/9/2014,Standard Class,CA-12265,Christina Anderson,Consumer,United States,Chattanooga,Tennessee,37421,South,TEC-PH-10000127,Technology,Phones,iOttie XL Car Mount,143.928,9,0.2,-32.3838,Store
900810,CA-2015-600809,12/21/2014,12/27/2014,Standard Class,DK-13150,David Kendrick,Corporate,United States,New York City,New York,10009,East,OFF-PA-10001970,Office Supplies,Paper,Xerox 1908,279.9,5,0.0,137.151,Store
900811,CA-2015-600810,12/11/2014,12/11/2014,Same Day,CC-12220,Chris Cortes,Consumer,United States,Fairfield,Connecticut,6824,East,OFF-EN-10004030,Office Supplies,Envelopes,Convenience Packs of Business Envelopes,10.86,3,0.0,5.1042,Online
900812,CA-2015-600811,3/14/2014,3/14/2014,Same Day,SU-20665,Stephanie Ulpright,Home Office,United States,Chicago,Illinois,60610,Central,TEC-PH-10001527,Technology,Phones,Plantronics MX500i Earset,34.36,1,0.2,-7.3015,Online
900813,CA-2015-600812,6/26/2014,7/3/2014,Standard Class,ML-17755,Max Ludwig,Home Office,United States,Springfield,Oregon,97477,West,OFF-AR-10002257,Office Supplies,Art,"Eldon Spacemaker Box, Quick-Snap Lid, Clear",5.344,2,0.2,0.7348,Telesales
900814,CA-2015-600813,11/4/2014,11/9/2014,Standard Class,PG-18895,Paul Gonzalez,Consumer,United States,San Francisco,California,94109,West,OFF-PA-10003022,Office Supplies,Paper,Xerox 1992,35.88,6,0.0,17.5812,Online
900815,CA-2015-600814,12/12/2014,12/18/2014,Standard Class,DV-13045,Darrin Van Huff,Corporate,United States,Jacksonville,Florida,32216,South,FUR-CH-10000225,Furniture,Chairs,"Global Geo Office Task Chair, Gray",64.784,1,0.2,-12.147,Telesales
900816,CA-2015-600815,7/12/2014,7/18/2014,Standard Class,NW-18400,Natalie Webber,Consumer,United States,Waterloo,Iowa,50701,Central,OFF-AR-10001166,Office Supplies,Art,Staples,30.32,4,0.0,11.8248,Online
900817,CA-2015-600816,4/17/2014,4/23/2014,Standard Class,ND-18370,Natalie DeCherney,Consumer,United States,Houston,Texas,77095,Central,OFF-BI-10001107,Office Supplies,Binders,"GBC White Gloss Covers, Plain Front",2.896,1,0.8,-4.7784,Store
900818,CA-2015-600817,2/14/2014,2/18/2014,Standard Class,JP-15460,Jennifer Patt,Corporate,United States,New York City,New York,10009,East,OFF-PA-10001184,Office Supplies,Paper,Xerox 1903,17.94,3,0.0,8.7906,Store
900819,CA-2015-600818,12/10/2014,12/12/2014,Second Class,DB-13210,Dean Braden,Consumer,United States,Detroit,Michigan,48234,Central,OFF-AR-10001860,Office Supplies,Art,BIC Liqua Brite Liner,34.7,5,0.0,12.492,Telesales
900820,CA-2015-600819,11/19/2014,11/24/2014,Second Class,JS-15685,Jim Sink,Corporate,United States,Miramar,Florida,33023,South,OFF-PA-10004609,Office Supplies,Paper,Xerox 221,20.736,4,0.2,7.2576,Store
900821,CA-2015-600820,7/9/2014,7/13/2014,Standard Class,VF-21715,Vicky Freymann,Home Office,United States,Seattle,Washington,98115,West,OFF-AR-10003560,Office Supplies,Art,Zebra Zazzle Fluorescent Highlighters,18.24,3,0.0,6.2016,Telesales
900822,CA-2015-600821,8/13/2014,8/13/2014,Same Day,BB-11545,Brenda Bowman,Corporate,United States,Columbia,Maryland,21044,East,OFF-AR-10004078,Office Supplies,Art,Newell 312,17.52,3,0.0,5.256,Store
900823,CA-2015-600822,12/11/2014,12/11/2014,Same Day,CC-12220,Chris Cortes,Consumer,United States,Fairfield,Connecticut,6824,East,OFF-AP-10000026,Office Supplies,Appliances,Tripp Lite Isotel 6 Outlet Surge Protector with Fax/Modem Protection,426.79,7,0.0,123.7691,Store
900824,CA-2015-600823,3/25/2014,3/29/2014,Second Class,BM-11650,Brian Moss,Corporate,United States,New York City,New York,10009,East,TEC-AC-10001266,Technology,Accessories,Memorex Micro Travel Drive 8 GB,26.0,2,0.0,11.7,Store
900825,CA-2015-600824,8/18/2014,8/25/2014,Standard Class,ED-13885,Emily Ducich,Home Office,United States,Houston,Texas,77095,Central,OFF-SU-10000432,Office Supplies,Supplies,Acco Side-Punched Conventional Columnar Pads,5.552,2,0.2,-1.041,Online
900826,CA-2015-600825,2/10/2014,2/15/2014,Standard Class,TP-21415,Tom Prescott,Consumer,United States,Houston,Texas,77070,Central,OFF-AP-10000055,Office Supplies,Appliances,Belkin F9S820V06 8 Outlet Surge,12.992,2,0.8,-32.48,Online
900827,CA-2015-600826,8/12/2014,8/17/2014,Standard Class,SJ-20125,Sanjit Jacobs,Home Office,United States,New York City,New York,10009,East,OFF-PA-10003441,Office Supplies,Paper,Xerox 226,25.92,4,0.0,12.4416,Telesales
900828,CA-2015-600827,8/19/2014,8/26/2014,Standard Class,YS-21880,Yana Sorensen,Corporate,United States,Seattle,Washington,98103,West,FUR-FU-10001475,Furniture,Furnishings,"Contract Clock, 14"", Brown",65.94,3,0.0,22.4196,Online
900829,CA-2015-600828,5/26/2014,5/26/2014,Same Day,TB-21625,Trudy Brown,Consumer,United States,New York City,New York,10009,East,TEC-AC-10002167,Technology,Accessories,Imation 8gb Micro Traveldrive Usb 2.0 Flash Drive,120.0,8,0.0,13.2,Online
900830,CA-2015-600829,9/9/2014,9/12/2014,First Class,BF-11020,Barry Französisch,Corporate,United States,Arlington,Texas,76017,Central,OFF-PA-10000061,Office Supplies,Paper,Xerox 205,20.736,4,0.2,7.2576,Online
900831,CA-2015-600830,12/9/2014,12/14/2014,Standard Class,JP-15520,Jeremy Pistek,Consumer,United States,Madison,Wisconsin,53711,Central,TEC-AC-10003023,Technology,Accessories,Logitech G105 Gaming Keyboard,178.11,3,0.0,32.0598,Telesales
900832,CA-2015-600831,10/13/2014,10/16/2014,First Class,SP-20860,Sung Pak,Corporate,United States,Dallas,Texas,75217,Central,TEC-AC-10001383,Technology,Accessories,Logitech Wireless Touch Keyboard K400,39.984,2,0.2,-1.4994,Online
900833,CA-2015-600832,7/12/2014,7/16/2014,Standard Class,KN-16390,Katherine Nockton,Corporate,United States,Los Angeles,California,90004,West,OFF-LA-10004272,Office Supplies,Labels,Avery 482,8.67,3,0.0,4.0749,Store
900834,CA-2015-600833,11/13/2014,11/16/2014,First Class,JE-15610,Jim Epp,Corporate,United States,Los Angeles,California,90036,West,OFF-BI-10003460,Office Supplies,Binders,Acco 3-Hole Punch,14.016,4,0.2,4.9056,Online
900835,CA-2015-600834,11/26/2014,11/30/2014,Standard Class,BD-11500,Bradley Drucker,Consumer,United States,San Francisco,California,94122,West,OFF-ST-10001325,Office Supplies,Storage,Sterilite Officeware Hinged File Box,10.48,1,0.0,2.8296,Telesales
900836,CA-2015-600835,2/14/2014,2/20/2014,Standard Class,FH-14350,Fred Harton,Consumer,United States,Seattle,Washington,98105,West,FUR-FU-10004017,Furniture,Furnishings,"Tenex Contemporary Contur Chairmats for Low and Medium Pile Carpet, Computer, 39"" x 49""",107.53,1,0.0,21.506,Store
900837,CA-2015-600836,4/18/2014,4/23/2014,Standard Class,PS-18760,Pamela Stobb,Consumer,United States,Los Angeles,California,90008,West,OFF-PA-10004911,Office Supplies,Paper,"Rediform S.O.S. 1-Up Phone Message Bk, 4-1/4x3-1/16 Bk, 1 Form/Pg, 40 Messages/Bk, 3/Pk",28.14,3,0.0,13.5072,Telesales
900838,CA-2015-600837,11/6/2014,11/10/2014,Standard Class,SV-20935,Susan Vittorini,Consumer,United States,New York City,New York,10009,East,TEC-AC-10001432,Technology,Accessories,Enermax Aurora Lite Keyboard,390.75,5,0.0,171.93,Online
900839,CA-2015-600838,4/11/2014,4/11/2014,Same Day,RD-19930,Russell D'Ascenzo,Consumer,United States,Austin,Texas,78745,Central,OFF-PA-10004101,Office Supplies,Paper,Xerox 1894,10.368,2,0.2,3.6288,Online
900840,CA-2015-600839,3/26/2014,4/1/2014,Standard Class,JD-16150,Justin Deggeller,Corporate,United States,Milwaukee,Wisconsin,53209,Central,FUR-CH-10000422,Furniture,Chairs,Global Highback Leather Tilter in Burgundy,90.99,1,0.0,14.5584,Store
900841,CA-2015-600840,6/4/2014,6/11/2014,Standard Class,NR-18550,Nick Radford,Consumer,United States,Pembroke Pines,Florida,33024,South,OFF-BI-10002432,Office Supplies,Binders,Wilson Jones Standard D-Ring Binders,4.554,3,0.7,-3.4914,Telesales
900842,CA-2015-600841,7/26/2014,7/28/2014,First Class,EM-14200,Evan Minnotte,Home Office,United States,Dallas,Texas,75217,Central,FUR-TA-10004767,Furniture,Tables,Safco Drafting Table,298.116,6,0.3,-4.2588,Store
900843,CA-2015-600842,6/4/2014,6/10/2014,Standard Class,KN-16390,Katherine Nockton,Corporate,United States,New York City,New York,10011,East,OFF-PA-10004156,Office Supplies,Paper,Xerox 188,45.36,4,0.0,22.2264,Store
900844,CA-2015-600843,11/10/2014,11/14/2014,Standard Class,JE-15610,Jim Epp,Corporate,United States,San Diego,California,92105,West,FUR-CH-10004675,Furniture,Chairs,"Lifetime Advantage Folding Chairs, 4/Carton",523.392,3,0.2,52.3392,Online
900845,CA-2015-600844,12/25/2014,12/30/2014,Standard Class,AR-10540,Andy Reiter,Consumer,United States,New York City,New York,10024,East,OFF-BI-10003708,Office Supplies,Binders,"Acco Four Pocket Poly Ring Binder with Label Holder, Smoke, 1""",17.88,3,0.2,5.5875,Online
900846,CA-2015-600845,10/14/2014,10/18/2014,Standard Class,AG-10495,Andrew Gjertsen,Corporate,United States,Philadelphia,Pennsylvania,19140,East,OFF-LA-10002043,Office Supplies,Labels,Avery 489,24.84,3,0.2,8.694,Online
900847,CA-2015-600846,4/5/2014,4/6/2014,First Class,TA-21385,Tom Ashbrook,Home Office,United States,New York City,New York,10035,East,OFF-AR-10001545,Office Supplies,Art,Newell 326,7.04,4,0.0,2.0416,Store
900848,CA-2015-600847,2/17/2014,2/21/2014,Standard Class,LF-17185,Luke Foster,Consumer,United States,New York City,New York,10035,East,OFF-PA-10003465,Office Supplies,Paper,Xerox 1912,37.94,2,0.0,18.2112,Store
900849,CA-2015-600848,9/16/2014,9/20/2014,Standard Class,MO-17800,Meg O'Connel,Home Office,United States,New York City,New York,10009,East,FUR-FU-10000221,Furniture,Furnishings,"Master Caster Door Stop, Brown",35.56,7,0.0,12.0904,Store
900850,CA-2015-600849,3/14/2014,3/17/2014,First Class,FH-14275,Frank Hawley,Corporate,United States,Aurora,Illinois,60505,Central,TEC-PH-10004700,Technology,Phones,PowerGen Dual USB Car Charger,7.992,1,0.2,2.5974,Online
900851,CA-2015-600850,10/9/2014,10/15/2014,Standard Class,GM-14440,Gary McGarr,Consumer,United States,New York City,New York,10009,East,FUR-CH-10002372,Furniture,Chairs,Office Star - Ergonomically Designed Knee Chair,145.764,2,0.1,3.2392,Online
900852,CA-2015-600851,9/2/2014,9/8/2014,Standard Class,CK-12325,Christine Kargatis,Home Office,United States,Seattle,Washington,98103,West,OFF-AR-10001166,Office Supplies,Art,Staples,7.58,1,0.0,2.9562,Online
900853,CA-2015-600852,9/10/2014,9/15/2014,Standard Class,KD-16495,Keith Dawkins,Corporate,United States,Los Angeles,California,90036,West,OFF-ST-10003123,Office Supplies,Storage,Fellowes Bases and Tops For Staxonsteel/High-Stak Systems,99.87,3,0.0,23.9688,Online
900854,CA-2015-600853,2/21/2013,2/25/2013,Standard Class,LC-16960,Lindsay Castell,Home Office,United States,Tampa,Florida,33614,South,OFF-ST-10001496,Office Supplies,Storage,Standard Rollaway File with Lock,454.0788,3,0.0,34.0559,Telesales
900855,CA-2015-600854,10/27/2014,11/1/2014,Standard Class,BF-11215,Benjamin Farhat,Home Office,United States,Dallas,Texas,75217,Central,OFF-ST-10000464,Office Supplies,Storage,"Multi-Use Personal File Cart and Caster Set, Three Stacking Bins",55.616,2,0.2,5.5616,Online
900856,CA-2015-600855,9/11/2014,9/16/2014,Standard Class,LC-16930,Linda Cazamias,Corporate,United States,Naperville,Illinois,60540,Central,TEC-PH-10004093,Technology,Phones,Panasonic Kx-TS550,147.168,4,0.2,16.5564,Online
900857,CA-2015-600856,1/15/2014,1/16/2014,First Class,RB-19570,Rob Beeghly,Consumer,United States,Jacksonville,North Carolina,28540,South,OFF-EN-10002504,Office Supplies,Envelopes,"Tyvek  Top-Opening Peel & Seel Envelopes, Plain White",21.744,1,0.2,7.3386,Online
900858,CA-2015-600857,11/1/2014,11/6/2014,Standard Class,CY-12745,Craig Yedwab,Corporate,United States,Chicago,Illinois,60610,Central,TEC-PH-10004042,Technology,Phones,ClearOne Communications CHAT 70 OC Speaker Phone,508.768,4,0.2,38.1576,Online
900859,CA-2015-600858,7/31/2014,8/7/2014,Standard Class,JF-15355,Jay Fein,Consumer,United States,Baltimore,Maryland,21215,East,TEC-PH-10003589,Technology,Phones,invisibleSHIELD by ZAGG Smudge-Free Screen Protector,89.95,5,0.0,43.176,Online
900860,CA-2015-600859,8/17/2014,8/17/2014,Same Day,SJ-20215,Sarah Jordon,Consumer,United States,Columbia,Tennessee,38401,South,OFF-ST-10004950,Office Supplies,Storage,Acco Perma 3000 Stacking Storage Drawers,67.136,4,0.2,-0.8392,Store
900861,CA-2015-600860,8/18/2014,8/23/2014,Second Class,TP-21415,Tom Prescott,Consumer,United States,Philadelphia,Pennsylvania,19134,East,FUR-CH-10002024,Furniture,Chairs,HON 5400 Series Task Chairs for Big and Tall,4416.174,9,0.3,-630.882,Store
900862,CA-2015-600861,3/17/2014,3/19/2014,Second Class,VM-21685,Valerie Mitchum,Home Office,United States,Seattle,Washington,98105,West,OFF-PA-10001972,Office Supplies,Paper,Xerox 214,6.48,1,0.0,3.1104,Telesales
900863,CA-2015-600862,1/22/2014,1/26/2014,Standard Class,DS-13030,Darrin Sayre,Home Office,United States,Seattle,Washington,98115,West,OFF-BI-10003982,Office Supplies,Binders,Wilson Jones Century Plastic Molded Ring Binders,99.696,6,0.2,33.6474,Online
900864,CA-2015-600863,12/5/2014,12/11/2014,Standard Class,DO-13645,Doug O'Connell,Consumer,United States,Paterson,New Jersey,7501,East,FUR-CH-10004860,Furniture,Chairs,Global Low Back Tilter Chair,302.94,3,0.0,18.1764,Online
900865,CA-2015-600864,3/27/2014,3/29/2014,First Class,MZ-17335,Maria Zettner,Home Office,United States,Seattle,Washington,98105,West,OFF-AR-10004587,Office Supplies,Art,"Boston 1827 Commercial Additional Cutter, Drive Gear & Gear Rack for 1606",19.83,1,0.0,5.949,Store
900866,CA-2015-600865,11/25/2014,12/2/2014,Standard Class,KA-16525,Kelly Andreada,Consumer,United States,New York City,New York,10035,East,FUR-BO-10000780,Furniture,Bookcases,O'Sullivan Plantations 2-Door Library in Landvery Oak,321.568,2,0.2,-16.0784,Online
900867,CA-2015-600866,12/14/2014,12/19/2014,Standard Class,EP-13915,Emily Phan,Consumer,United States,San Francisco,California,94122,West,OFF-LA-10004559,Office Supplies,Labels,Avery 49,8.64,3,0.0,4.2336,Online
900868,CA-2015-600867,5/1/2014,5/3/2014,First Class,NM-18520,Neoma Murray,Consumer,United States,Manchester,Connecticut,6040,East,OFF-LA-10003388,Office Supplies,Labels,Avery 5,5.76,2,0.0,2.8224,Online
900869,CA-2015-600868,12/25/2014,12/30/2014,Standard Class,AC-10615,Ann Chong,Corporate,United States,Rochester,New York,14609,East,FUR-FU-10001602,Furniture,Furnishings,"Eldon Delta Triangular Chair Mat, 52"" x 58"", Clear",37.93,1,0.0,6.8274,Online
900870,CA-2015-600869,9/3/2014,9/5/2014,Second Class,MH-17290,Marc Harrigan,Home Office,United States,Los Angeles,California,90008,West,FUR-FU-10004188,Furniture,Furnishings,Luxo Professional Combination Clamp-On Lamps,511.5,5,0.0,132.99,Online
900871,CA-2015-600870,4/29/2014,5/3/2014,Standard Class,MC-17605,Matt Connell,Corporate,United States,Philadelphia,Pennsylvania,19143,East,OFF-AR-10003056,Office Supplies,Art,Newell 341,6.848,2,0.2,0.7704,Telesales
900872,CA-2015-600871,5/16/2014,5/21/2014,Standard Class,JD-16015,Joy Daniels,Consumer,United States,Chicago,Illinois,60653,Central,TEC-PH-10002185,Technology,Phones,QVS USB Car Charger 2-Port 2.1Amp for iPod/iPhone/iPad/iPad 2/iPad 3,11.12,2,0.2,3.475,Online
900873,CA-2015-600872,7/16/2014,7/19/2014,Second Class,MM-18055,Michelle Moray,Consumer,United States,New York City,New York,10024,East,OFF-PA-10004519,Office Supplies,Paper,Spiral Phone Message Books with Labels by Adams,8.96,2,0.0,4.3904,Telesales
900874,CA-2015-600873,6/3/2014,6/7/2014,Standard Class,AB-10255,Alejandro Ballentine,Home Office,United States,Lorain,Ohio,44052,East,TEC-PH-10000347,Technology,Phones,Cush Cases Heavy Duty Rugged Cover Case for Samsung Galaxy S5 - Purple,2.97,1,0.4,-0.6435,Telesales
900875,CA-2015-600874,10/3/2014,10/7/2014,Standard Class,RF-19735,Roland Fjeld,Consumer,United States,Trenton,Michigan,48183,Central,OFF-AR-10003478,Office Supplies,Art,"Avery Hi-Liter EverBold Pen Style Fluorescent Highlighters, 4/Pack",56.98,7,0.0,22.792,Online
900876,CA-2015-600875,11/18/2014,11/24/2014,Standard Class,JB-16000,Joy Bell-,Consumer,United States,Brownsville,Texas,78521,Central,FUR-BO-10002202,Furniture,Bookcases,"Atlantic Metals Mobile 2-Shelf Bookcases, Custom Colors",327.7328,2,0.32,-14.4588,Telesales
900877,CA-2015-600876,10/10/2014,10/15/2014,Standard Class,HG-14845,Harry Greene,Consumer,United States,New York City,New York,10024,East,OFF-PA-10000069,Office Supplies,Paper,"TOPS 4 x 6 Fluorescent Color Memo Sheets, 500 Sheets per Pack",18.98,2,0.0,8.9206,Store
900878,CA-2015-600877,8/1/2014,8/4/2014,First Class,EC-14050,Erin Creighton,Consumer,United States,San Francisco,California,94110,West,OFF-ST-10003442,Office Supplies,Storage,Eldon Portable Mobile Manager,56.56,2,0.0,15.2712,Telesales
900879,CA-2015-600878,7/26/2014,7/29/2014,Second Class,JC-15775,John Castell,Consumer,United States,Philadelphia,Pennsylvania,19143,East,OFF-PA-10004100,Office Supplies,Paper,Xerox 216,20.736,4,0.2,7.2576,Telesales
900880,CA-2015-600879,12/24/2014,12/28/2014,Standard Class,FM-14215,Filia McAdams,Corporate,United States,Middletown,Connecticut,6457,East,FUR-FU-10003708,Furniture,Furnishings,"Tenex Traditional Chairmats for Medium Pile Carpet, Standard Lip, 36"" x 48""",181.95,3,0.0,38.2095,Online
900881,CA-2015-600880,10/7/2014,10/13/2014,Standard Class,CR-12820,Cyra Reiten,Home Office,United States,New York City,New York,10035,East,OFF-PA-10002377,Office Supplies,Paper,"Adams Telephone Message Book W/Dividers/Space For Phone Numbers, 5 1/4""X8 1/2"", 200/Messages",17.04,3,0.0,7.668,Telesales
900882,CA-2015-600881,1/2/2014,1/6/2014,Standard Class,JM-15250,Janet Martin,Consumer,United States,Huntsville,Texas,77340,Central,FUR-CH-10003199,Furniture,Chairs,Office Star - Contemporary Task Swivel Chair,310.744,4,0.3,-26.6352,Online
900883,CA-2015-600882,5/27/2014,5/30/2014,First Class,KC-16675,Kimberly Carter,Corporate,United States,Louisville,Kentucky,40214,South,OFF-AP-10002670,Office Supplies,Appliances,Belkin 8-Outlet Premiere SurgeMaster II Surge Protectors,208.44,3,0.0,62.532,Store
900884,CA-2015-600883,10/31/2014,11/6/2014,Standard Class,JK-15205,Jamie Kunitz,Consumer,United States,San Francisco,California,94122,West,OFF-LA-10003077,Office Supplies,Labels,Avery 500,43.86,6,0.0,20.6142,Telesales
900885,CA-2015-600884,8/18/2014,8/25/2014,Standard Class,RW-19540,Rick Wilson,Corporate,United States,Brentwood,California,94513,West,OFF-ST-10001496,Office Supplies,Storage,Standard Rollaway File with Lock,540.57,3,0.0,140.5482,Store
900886,CA-2015-600885,5/13/2014,5/18/2014,Standard Class,CK-12205,Chloris Kastensmidt,Consumer,United States,Everett,Massachusetts,2149,East,OFF-PA-10000659,Office Supplies,Paper,"TOPS Carbonless Receipt Book, Four 2-3/4 x 7-1/4 Money Receipts per Page",87.6,5,0.0,42.048,Store
900887,CA-2015-600886,10/14/2014,10/17/2014,First Class,TS-21610,Troy Staebel,Consumer,United States,Freeport,Illinois,61032,Central,OFF-BI-10000778,Office Supplies,Binders,GBC VeloBinder Electric Binding Machine,96.784,4,0.8,-145.176,Online
900888,CA-2015-600887,2/14/2014,2/20/2014,Standard Class,FH-14350,Fred Harton,Consumer,United States,Seattle,Washington,98105,West,TEC-AC-10001838,Technology,Accessories,Razer Tiamat Over Ear 7.1 Surround Sound PC Gaming Headset,799.96,4,0.0,343.9828,Telesales
900889,CA-2015-600888,11/6/2014,11/8/2014,First Class,AB-10060,Adam Bellavance,Home Office,United States,Greenwood,Indiana,46142,Central,OFF-PA-10002615,Office Supplies,Paper,"Ampad Gold Fibre Wirebound Steno Books, 6"" x 9"", Gregg Ruled",4.41,1,0.0,2.0286,Online
900890,CA-2015-600889,9/24/2014,9/26/2014,First Class,MH-17785,Maya Herman,Corporate,United States,Lubbock,Texas,79424,Central,OFF-PA-10001846,Office Supplies,Paper,Xerox 1899,9.248,2,0.2,3.3524,Online
900891,CA-2015-600890,7/4/2014,7/7/2014,Second Class,SZ-20035,Sam Zeldin,Home Office,United States,Lancaster,Ohio,43130,East,OFF-PA-10000174,Office Supplies,Paper,"Message Book, Wirebound, Four 5 1/2"" X 4"" Forms/Pg., 200 Dupl. Sets/Book",32.896,4,0.2,11.1024,Store
900892,CA-2015-600891,7/24/2014,7/26/2014,Second Class,LH-16900,Lena Hernandez,Consumer,United States,Elkhart,Indiana,46514,Central,OFF-AR-10003602,Office Supplies,Art,"Quartet Omega Colored Chalk, 12/Pack",11.68,2,0.0,5.4896,Store
900893,CA-2015-600892,8/13/2014,8/20/2014,Standard Class,DK-12895,Dana Kaydos,Consumer,United States,Seattle,Washington,98103,West,TEC-PH-10002538,Technology,Phones,Grandstream GXP1160 VoIP phone,242.624,8,0.2,27.2952,Store
900894,CA-2015-600893,6/27/2014,7/1/2014,Standard Class,DO-13435,Denny Ordway,Consumer,United States,New York City,New York,10035,East,OFF-ST-10004123,Office Supplies,Storage,Safco Industrial Wire Shelving System,272.94,3,0.0,0.0,Store
900895,CA-2015-600894,12/22/2014,12/25/2014,First Class,BD-11635,Brian Derr,Consumer,United States,Bowling Green,Kentucky,42104,South,TEC-AC-10003116,Technology,Accessories,Memorex Froggy Flash Drive 8 GB,71.0,4,0.0,27.69,Telesales
900896,CA-2015-600895,5/15/2014,5/19/2014,Standard Class,DP-13000,Darren Powers,Consumer,United States,Cleveland,Ohio,44105,East,OFF-PA-10000483,Office Supplies,Paper,Xerox 19,24.784,1,0.2,7.745,Telesales
900897,CA-2015-600896,10/3/2011,10/7/2011,Standard Class,RD-19930,Russell D'Ascenzo,Consumer,United States,Dallas,Texas,75217,Central,FUR-FU-10000758,Furniture,Furnishings,DAX Natural Wood-Tone Poster Frame,33.3648,3,0.0,-20.0189,Telesales
900898,CA-2015-600897,11/16/2014,11/21/2014,Standard Class,DK-12895,Dana Kaydos,Consumer,United States,Miramar,Florida,33023,South,FUR-FU-10003553,Furniture,Furnishings,"Howard Miller 13-1/2"" Diameter Rosebrook Wall Clock",220.064,4,0.2,55.016,Store
900899,CA-2015-600898,7/4/2014,7/7/2014,Second Class,FH-14275,Frank Hawley,Corporate,United States,Houston,Texas,77041,Central,OFF-PA-10001878,Office Supplies,Paper,Xerox 1891,273.896,7,0.2,92.4399,Store
900900,CA-2015-600899,2/21/2014,2/26/2014,Standard Class,JP-16135,Julie Prescott,Home Office,United States,Muskogee,Oklahoma,74403,Central,OFF-AR-10002375,Office Supplies,Art,Newell 351,6.56,2,0.0,1.9024,Store
900301,CA-2015-600300,5/9/2014,5/13/2014,Standard Class,MD-17350,Maribeth Dona,Consumer,United States,Columbus,Ohio,43229,East,FUR-CH-10004540,Furniture,Chairs,Global Chrome Stack Chair,47.992,2,0.3,-2.0568,Online
900302,CA-2015-600301,3/24/2014,3/26/2014,First Class,RB-19360,Raymond Buch,Consumer,United States,Seattle,Washington,98115,West,TEC-CO-10004722,Technology,Copiers,Canon imageCLASS 2200 Advanced Copier,13999.96,4,0.0,6719.9808,Online
900303,CA-2015-600302,9/19/2014,9/23/2014,Standard Class,SS-20140,Saphhira Shifley,Corporate,United States,Columbus,Georgia,31907,South,OFF-AR-10000380,Office Supplies,Art,"Hunt PowerHouse Electric Pencil Sharpener, Blue",113.94,3,0.0,34.182,Online
900304,CA-2015-600303,6/17/2014,6/19/2014,Second Class,CS-12355,Christine Sundaresam,Consumer,United States,Dublin,Ohio,43017,East,OFF-AR-10001427,Office Supplies,Art,Newell 330,23.92,5,0.2,1.794,Store
900305,CA-2015-600304,10/2/2014,10/3/2014,First Class,NS-18505,Neola Schneider,Consumer,United States,San Jose,California,95123,West,OFF-AP-10000576,Office Supplies,Appliances,"Belkin 325VA UPS Surge Protector, 6'",241.96,2,0.0,60.49,Telesales
900306,CA-2015-600305,6/17/2014,6/20/2014,First Class,TS-21610,Troy Staebel,Consumer,United States,San Francisco,California,94122,West,OFF-PA-10001776,Office Supplies,Paper,"Wirebound Message Books, Four 2 3/4"" x 5"" Forms per Page, 600 Sets per Book",18.54,2,0.0,8.7138,Store
900307,CA-2015-600306,11/7/2014,11/7/2014,Same Day,FM-14290,Frank Merwin,Home Office,United States,San Francisco,California,94122,West,OFF-PA-10000157,Office Supplies,Paper,Xerox 191,59.94,3,0.0,28.1718,Store
900308,CA-2015-600307,8/14/2014,8/19/2014,Standard Class,DC-12850,Dan Campbell,Consumer,United States,Memphis,Tennessee,38109,South,OFF-EN-10003845,Office Supplies,Envelopes,Colored Envelopes,14.76,5,0.2,4.797,Telesales
900309,CA-2015-600308,10/10/2014,10/11/2014,First Class,EB-14170,Evan Bailliet,Consumer,United States,Wilmington,North Carolina,28403,South,OFF-PA-10002659,Office Supplies,Paper,Avoid Verbal Orders Carbonless Minifold Book,10.816,4,0.2,3.5152,Telesales
900310,CA-2015-600309,9/13/2014,9/16/2014,First Class,JM-15535,Jessica Myrick,Consumer,United States,Los Angeles,California,90036,West,FUR-FU-10004270,Furniture,Furnishings,"Eldon Image Series Desk Accessories, Burgundy",8.36,2,0.0,3.0096,Store
900311,CA-2015-600310,6/16/2014,6/23/2014,Standard Class,TD-20995,Tamara Dahlen,Consumer,United States,Quincy,Illinois,62301,Central,OFF-AR-10001954,Office Supplies,Art,Newell 331,19.56,5,0.2,1.7115,Online
900312,CA-2015-600311,11/14/2014,11/16/2014,First Class,SB-20290,Sean Braxton,Corporate,United States,Springfield,Ohio,45503,East,TEC-MA-10002210,Technology,Machines,Epson TM-T88V Direct Thermal Printer - Monochrome - Desktop,652.995,7,0.7,-935.9595,Telesales
900313,CA-2015-600312,11/18/2014,11/22/2014,Standard Class,RA-19885,Ruben Ausman,Corporate,United States,Athens,Georgia,30605,South,TEC-PH-10004006,Technology,Phones,Panasonic KX - TS880B Telephone,206.1,5,0.0,55.647,Telesales
900314,CA-2015-600313,9/21/2014,9/27/2014,Standard Class,SV-20365,Seth Vernon,Consumer,United States,New York City,New York,10035,East,TEC-AC-10002647,Technology,Accessories,"Logitech Wireless Boombox Speaker - portable - wireless, wired",212.8,2,0.0,95.76,Telesales
900315,CA-2015-600314,8/22/2014,8/29/2014,Standard Class,GT-14710,Greg Tran,Consumer,United States,Lakeville,Minnesota,55044,Central,OFF-FA-10002280,Office Supplies,Fasteners,Advantus Plastic Paper Clips,35.0,7,0.0,16.8,Online
